census_year,geo_name,category,subcategory,variable_name,topic,total,male,female,flag_total,flag_male,flag_female,geo_location,data_notes,geo_code
2011,Yukon,,,Total employed population aged 15 years and over with a usual place of work or no fixed workplace address by mode of transportation,Mode of transportation,18050,9025,9025,,,,,<a target='_blank' href='https://community-statistics.service.yukon.ca/pages/census-2011-data-notes#nhs95'>95</a>,6001
2011,Yukon,Total employed population aged 15 years and over with a usual place of work or no fixed workplace address by mode of transportation,,Car; truck or van - as a driver,Mode of transportation,13260,6730,6535,,,,,,6001
2011,Yukon,Total employed population aged 15 years and over with a usual place of work or no fixed workplace address by mode of transportation,,Car; truck or van - as a passenger,Mode of transportation,1445,650,795,,,,,,6001
2011,Yukon,Total employed population aged 15 years and over with a usual place of work or no fixed workplace address by mode of transportation,,Public transit,Mode of transportation,765,355,405,,,,,,6001
2011,Yukon,Total employed population aged 15 years and over with a usual place of work or no fixed workplace address by mode of transportation,,Walked,Mode of transportation,1670,815,850,,,,,,6001
2011,Yukon,Total employed population aged 15 years and over with a usual place of work or no fixed workplace address by mode of transportation,,Bicycle,Mode of transportation,520,235,285,,,,,,6001
2011,Yukon,Total employed population aged 15 years and over with a usual place of work or no fixed workplace address by mode of transportation,,Other methods,Mode of transportation,400,230,170,,,,,,6001
2011,Yukon,,,Total employed population aged 15 years and over with a usual place of work or no fixed workplace address by median commuting duration,Median commuting duration,18045,9020,9025,,,,,<a target='_blank' href='https://community-statistics.service.yukon.ca/pages/census-2011-data-notes#nhs96'>96</a>,6001
2011,Yukon,,,Median commuting duration,Median commuting duration,10.9,11,10.9,,,,,,6001
2011,Yukon,,,Total employed population aged 15 years and over by time leaving for work,Time leaving for work,18045,9020,9025,,,,,<a target='_blank' href='https://community-statistics.service.yukon.ca/pages/census-2011-data-notes#nhs97'>97</a>,6001
2011,Yukon,Total employed population aged 15 years and over by time leaving for work,,Between 5 and 6:59 a.m.,Time leaving for work,2805,1780,1025,,,,,,6001
2011,Yukon,Total employed population aged 15 years and over by time leaving for work,,Between 7 and 9:00 a.m.,Time leaving for work,12380,5825,6550,,,,,,6001
2011,Yukon,Total employed population aged 15 years and over by time leaving for work,,Anytime after 9:00 a.m.,Time leaving for work,2870,1420,1450,,,,,,6001
2011,Whitehorse - City,,,Total employed population aged 15 years and over with a usual place of work or no fixed workplace address by mode of transportation,Mode of transportation,13105,6540,6570,,,,,<a target='_blank' href='https://community-statistics.service.yukon.ca/pages/census-2011-data-notes#nhs95'>95</a>,6001009
2011,Whitehorse - City,Total employed population aged 15 years and over with a usual place of work or no fixed workplace address by mode of transportation,,Car; truck or van - as a driver,Mode of transportation,9805,4970,4840,,,,,,6001009
2011,Whitehorse - City,Total employed population aged 15 years and over with a usual place of work or no fixed workplace address by mode of transportation,,Car; truck or van - as a passenger,Mode of transportation,1055,435,625,,,,,,6001009
2011,Whitehorse - City,Total employed population aged 15 years and over with a usual place of work or no fixed workplace address by mode of transportation,,Public transit,Mode of transportation,680,330,355,,,,,,6001009
2011,Whitehorse - City,Total employed population aged 15 years and over with a usual place of work or no fixed workplace address by mode of transportation,,Walked,Mode of transportation,915,495,420,,,,,,6001009
2011,Whitehorse - City,Total employed population aged 15 years and over with a usual place of work or no fixed workplace address by mode of transportation,,Bicycle,Mode of transportation,420,205,215,,,,,,6001009
2011,Whitehorse - City,Total employed population aged 15 years and over with a usual place of work or no fixed workplace address by mode of transportation,,Other methods,Mode of transportation,235,115,120,,,,,,6001009
2011,Whitehorse - City,,,Total employed population aged 15 years and over with a usual place of work or no fixed workplace address by median commuting duration,Median commuting duration,13110,6540,6570,,,,,<a target='_blank' href='https://community-statistics.service.yukon.ca/pages/census-2011-data-notes#nhs96'>96</a>,6001009
2011,Whitehorse - City,,,Median commuting duration,Median commuting duration,11,12.1,11,,,,,,6001009
2011,Whitehorse - City,,,Total employed population aged 15 years and over by time leaving for work,Time leaving for work,13105,6540,6570,,,,,<a target='_blank' href='https://community-statistics.service.yukon.ca/pages/census-2011-data-notes#nhs97'>97</a>,6001009
2011,Whitehorse - City,Total employed population aged 15 years and over by time leaving for work,,Between 5 and 6:59 a.m.,Time leaving for work,2020,1255,765,,,,,,6001009
2011,Whitehorse - City,Total employed population aged 15 years and over by time leaving for work,,Between 7 and 9:00 a.m.,Time leaving for work,8990,4215,4780,,,,,,6001009
2011,Whitehorse - City,Total employed population aged 15 years and over by time leaving for work,,Anytime after 9:00 a.m.,Time leaving for work,2100,1075,1030,,,,,,6001009
2011,Alaska Highway North Region,,,Total employed population aged 15 years and over with a usual place of work or no fixed workplace address by mode of transportation,Mode of transportation,455,,,,,,,,YBS042039049018
2011,Alaska Highway North Region,Total employed population aged 15 years and over with a usual place of work or no fixed workplace address by mode of transportation,,Car; truck or van - as a driver,Mode of transportation,305,,,,,,,,YBS042039049018
2011,Alaska Highway North Region,Total employed population aged 15 years and over with a usual place of work or no fixed workplace address by mode of transportation,,Car; truck or van - as a passenger,Mode of transportation,30,,,,,,,,YBS042039049018
2011,Alaska Highway North Region,Total employed population aged 15 years and over with a usual place of work or no fixed workplace address by mode of transportation,,Public transit,Mode of transportation,0,,,,,,,,YBS042039049018
2011,Alaska Highway North Region,Total employed population aged 15 years and over with a usual place of work or no fixed workplace address by mode of transportation,,Walked,Mode of transportation,110,,,,,,,,YBS042039049018
2011,Alaska Highway North Region,Total employed population aged 15 years and over with a usual place of work or no fixed workplace address by mode of transportation,,Bicycle,Mode of transportation,10,,,,,,,,YBS042039049018
2011,Alaska Highway North Region,Total employed population aged 15 years and over with a usual place of work or no fixed workplace address by mode of transportation,,Other methods,Mode of transportation,0,,,,,,,,YBS042039049018
2011,Alaska Highway North Region,,,Total employed population aged 15 years and over with a usual place of work or no fixed workplace address by median commuting duration,Median commuting duration,455,,,,,,,,YBS042039049018
2011,Alaska Highway North Region,,,Median commuting duration,Median commuting duration,6,,,,,,,,YBS042039049018
2011,Alaska Highway North Region,,,Total employed population aged 15 years and over by time leaving for work,Time leaving for work,455,,,,,,,,YBS042039049018
2011,Alaska Highway North Region,Total employed population aged 15 years and over by time leaving for work,,Between 5 and 6:59 a.m.,Time leaving for work,65,,,,,,,,YBS042039049018
2011,Alaska Highway North Region,Total employed population aged 15 years and over by time leaving for work,,Between 7 and 9:00 a.m.,Time leaving for work,325,,,,,,,,YBS042039049018
2011,Alaska Highway North Region,Total employed population aged 15 years and over by time leaving for work,,Anytime after 9:00 a.m.,Time leaving for work,65,,,,,,,,YBS042039049018
2011,Beaver Creek,,,Total employed population aged 15 years and over with a usual place of work or no fixed workplace address by mode of transportation,Mode of transportation,70,35,35,,,,,<a target='_blank' href='https://community-statistics.service.yukon.ca/pages/census-2011-data-notes#nhs95'>95</a>,6001042
2011,Beaver Creek,Total employed population aged 15 years and over with a usual place of work or no fixed workplace address by mode of transportation,,Car; truck or van - as a driver,Mode of transportation,55,30,25,,,,,,6001042
2011,Beaver Creek,Total employed population aged 15 years and over with a usual place of work or no fixed workplace address by mode of transportation,,Car; truck or van - as a passenger,Mode of transportation,0,0,0,,,,,,6001042
2011,Beaver Creek,Total employed population aged 15 years and over with a usual place of work or no fixed workplace address by mode of transportation,,Public transit,Mode of transportation,0,0,0,,,,,,6001042
2011,Beaver Creek,Total employed population aged 15 years and over with a usual place of work or no fixed workplace address by mode of transportation,,Walked,Mode of transportation,10,10,10,,,,,,6001042
2011,Beaver Creek,Total employed population aged 15 years and over with a usual place of work or no fixed workplace address by mode of transportation,,Bicycle,Mode of transportation,0,0,0,,,,,,6001042
2011,Beaver Creek,Total employed population aged 15 years and over with a usual place of work or no fixed workplace address by mode of transportation,,Other methods,Mode of transportation,0,0,0,,,,,,6001042
2011,Beaver Creek,,,Total employed population aged 15 years and over with a usual place of work or no fixed workplace address by median commuting duration,Median commuting duration,70,35,35,,,,,<a target='_blank' href='https://community-statistics.service.yukon.ca/pages/census-2011-data-notes#nhs96'>96</a>,6001042
2011,Beaver Creek,,,Median commuting duration,Median commuting duration,5.4,5.5,5.4,,,,,,6001042
2011,Beaver Creek,,,Total employed population aged 15 years and over by time leaving for work,Time leaving for work,70,35,35,,,,,<a target='_blank' href='https://community-statistics.service.yukon.ca/pages/census-2011-data-notes#nhs97'>97</a>,6001042
2011,Beaver Creek,Total employed population aged 15 years and over by time leaving for work,,Between 5 and 6:59 a.m.,Time leaving for work,10,10,10,,,,,,6001042
2011,Beaver Creek,Total employed population aged 15 years and over by time leaving for work,,Between 7 and 9:00 a.m.,Time leaving for work,50,25,25,,,,,,6001042
2011,Beaver Creek,Total employed population aged 15 years and over by time leaving for work,,Anytime after 9:00 a.m.,Time leaving for work,10,10,0,,,,,,6001042
2011,Burwash Landing,,,Total employed population aged 15 years and over with a usual place of work or no fixed workplace address by mode of transportation,Mode of transportation,45,25,15,,,,,<a target='_blank' href='https://community-statistics.service.yukon.ca/pages/census-2011-data-notes#nhs95'>95</a>,6001039
2011,Burwash Landing,Total employed population aged 15 years and over with a usual place of work or no fixed workplace address by mode of transportation,,Car; truck or van - as a driver,Mode of transportation,30,15,15,,,,,,6001039
2011,Burwash Landing,Total employed population aged 15 years and over with a usual place of work or no fixed workplace address by mode of transportation,,Car; truck or van - as a passenger,Mode of transportation,0,0,0,,,,,,6001039
2011,Burwash Landing,Total employed population aged 15 years and over with a usual place of work or no fixed workplace address by mode of transportation,,Public transit,Mode of transportation,0,0,0,,,,,,6001039
2011,Burwash Landing,Total employed population aged 15 years and over with a usual place of work or no fixed workplace address by mode of transportation,,Walked,Mode of transportation,10,0,0,,,,,,6001039
2011,Burwash Landing,Total employed population aged 15 years and over with a usual place of work or no fixed workplace address by mode of transportation,,Bicycle,Mode of transportation,0,0,0,,,,,,6001039
2011,Burwash Landing,Total employed population aged 15 years and over with a usual place of work or no fixed workplace address by mode of transportation,,Other methods,Mode of transportation,0,0,0,,,,,,6001039
2011,Burwash Landing,,,Total employed population aged 15 years and over with a usual place of work or no fixed workplace address by median commuting duration,Median commuting duration,45,25,15,,,,,<a target='_blank' href='https://community-statistics.service.yukon.ca/pages/census-2011-data-notes#nhs96'>96</a>,6001039
2011,Burwash Landing,,,Median commuting duration,Median commuting duration,8.5,10.3,5.5,,,,,,6001039
2011,Burwash Landing,,,Total employed population aged 15 years and over by time leaving for work,Time leaving for work,45,25,15,,,,,<a target='_blank' href='https://community-statistics.service.yukon.ca/pages/census-2011-data-notes#nhs97'>97</a>,6001039
2011,Burwash Landing,Total employed population aged 15 years and over by time leaving for work,,Between 5 and 6:59 a.m.,Time leaving for work,0,0,0,,,,,,6001039
2011,Burwash Landing,Total employed population aged 15 years and over by time leaving for work,,Between 7 and 9:00 a.m.,Time leaving for work,30,15,10,,,,,,6001039
2011,Burwash Landing,Total employed population aged 15 years and over by time leaving for work,,Anytime after 9:00 a.m.,Time leaving for work,0,0,0,,,,,,6001039
2011,Carcross,,,Total employed population aged 15 years and over with a usual place of work or no fixed workplace address by mode of transportation,Mode of transportation,115,65,60,,,,,<a target='_blank' href='https://community-statistics.service.yukon.ca/pages/census-2011-data-notes#nhs95'>95</a>,6001048
2011,Carcross,Total employed population aged 15 years and over with a usual place of work or no fixed workplace address by mode of transportation,,Car; truck or van - as a driver,Mode of transportation,75,40,35,,,,,,6001048
2011,Carcross,Total employed population aged 15 years and over with a usual place of work or no fixed workplace address by mode of transportation,,Car; truck or van - as a passenger,Mode of transportation,15,10,0,,,,,,6001048
2011,Carcross,Total employed population aged 15 years and over with a usual place of work or no fixed workplace address by mode of transportation,,Public transit,Mode of transportation,0,0,0,,,,,,6001048
2011,Carcross,Total employed population aged 15 years and over with a usual place of work or no fixed workplace address by mode of transportation,,Walked,Mode of transportation,25,10,15,,,,,,6001048
2011,Carcross,Total employed population aged 15 years and over with a usual place of work or no fixed workplace address by mode of transportation,,Bicycle,Mode of transportation,0,0,0,,,,,,6001048
2011,Carcross,Total employed population aged 15 years and over with a usual place of work or no fixed workplace address by mode of transportation,,Other methods,Mode of transportation,0,0,0,,,,,,6001048
2011,Carcross,,,Total employed population aged 15 years and over with a usual place of work or no fixed workplace address by median commuting duration,Median commuting duration,115,60,60,,,,,<a target='_blank' href='https://community-statistics.service.yukon.ca/pages/census-2011-data-notes#nhs96'>96</a>,6001048
2011,Carcross,,,Median commuting duration,Median commuting duration,10.4,15.2,5.9,,,,,,6001048
2011,Carcross,,,Total employed population aged 15 years and over by time leaving for work,Time leaving for work,120,60,55,,,,,<a target='_blank' href='https://community-statistics.service.yukon.ca/pages/census-2011-data-notes#nhs97'>97</a>,6001048
2011,Carcross,Total employed population aged 15 years and over by time leaving for work,,Between 5 and 6:59 a.m.,Time leaving for work,20,15,10,,,,,,6001048
2011,Carcross,Total employed population aged 15 years and over by time leaving for work,,Between 7 and 9:00 a.m.,Time leaving for work,80,40,40,,,,,,6001048
2011,Carcross,Total employed population aged 15 years and over by time leaving for work,,Anytime after 9:00 a.m.,Time leaving for work,15,10,10,,,,,,6001048
2011,Carcross Region,,,Total employed population aged 15 years and over with a usual place of work or no fixed workplace address by mode of transportation,Mode of transportation,140,,,,,,,,6001008
2011,Carcross Region,Total employed population aged 15 years and over with a usual place of work or no fixed workplace address by mode of transportation,,Car; truck or van - as a driver,Mode of transportation,90,,,,,,,,6001008
2011,Carcross Region,Total employed population aged 15 years and over with a usual place of work or no fixed workplace address by mode of transportation,,Car; truck or van - as a passenger,Mode of transportation,15,,,,,,,,6001008
2011,Carcross Region,Total employed population aged 15 years and over with a usual place of work or no fixed workplace address by mode of transportation,,Public transit,Mode of transportation,0,,,,,,,,6001008
2011,Carcross Region,Total employed population aged 15 years and over with a usual place of work or no fixed workplace address by mode of transportation,,Walked,Mode of transportation,30,,,,,,,,6001008
2011,Carcross Region,Total employed population aged 15 years and over with a usual place of work or no fixed workplace address by mode of transportation,,Bicycle,Mode of transportation,0,,,,,,,,6001008
2011,Carcross Region,Total employed population aged 15 years and over with a usual place of work or no fixed workplace address by mode of transportation,,Other methods,Mode of transportation,0,,,,,,,,6001008
2011,Carcross Region,,,Total employed population aged 15 years and over with a usual place of work or no fixed workplace address by median commuting duration,Median commuting duration,140,,,,,,,,6001008
2011,Carcross Region,,,Median commuting duration,Median commuting duration,10,,,,,,,,6001008
2011,Carcross Region,,,Total employed population aged 15 years and over by time leaving for work,Time leaving for work,145,,,,,,,,6001008
2011,Carcross Region,Total employed population aged 15 years and over by time leaving for work,,Between 5 and 6:59 a.m.,Time leaving for work,25,,,,,,,,6001008
2011,Carcross Region,Total employed population aged 15 years and over by time leaving for work,,Between 7 and 9:00 a.m.,Time leaving for work,100,,,,,,,,6001008
2011,Carcross Region,Total employed population aged 15 years and over by time leaving for work,,Anytime after 9:00 a.m.,Time leaving for work,20,,,,,,,,6001008
2011,Carcross 4,,,Total employed population aged 15 years and over with a usual place of work or no fixed workplace address by mode of transportation,Mode of transportation,25,10,10,,,,,<a target='_blank' href='https://community-statistics.service.yukon.ca/pages/census-2011-data-notes#nhs95'>95</a>,6001008
2011,Carcross 4,Total employed population aged 15 years and over with a usual place of work or no fixed workplace address by mode of transportation,,Car; truck or van - as a driver,Mode of transportation,20,0,10,,,,,,6001008
2011,Carcross 4,Total employed population aged 15 years and over with a usual place of work or no fixed workplace address by mode of transportation,,Car; truck or van - as a passenger,Mode of transportation,0,0,0,,,,,,6001008
2011,Carcross 4,Total employed population aged 15 years and over with a usual place of work or no fixed workplace address by mode of transportation,,Public transit,Mode of transportation,0,0,0,,,,,,6001008
2011,Carcross 4,Total employed population aged 15 years and over with a usual place of work or no fixed workplace address by mode of transportation,,Walked,Mode of transportation,0,0,0,,,,,,6001008
2011,Carcross 4,Total employed population aged 15 years and over with a usual place of work or no fixed workplace address by mode of transportation,,Bicycle,Mode of transportation,0,0,0,,,,,,6001008
2011,Carcross 4,Total employed population aged 15 years and over with a usual place of work or no fixed workplace address by mode of transportation,,Other methods,Mode of transportation,0,0,0,,,,,,6001008
2011,Carcross 4,,,Total employed population aged 15 years and over with a usual place of work or no fixed workplace address by median commuting duration,Median commuting duration,20,10,15,,,,,<a target='_blank' href='https://community-statistics.service.yukon.ca/pages/census-2011-data-notes#nhs96'>96</a>,6001008
2011,Carcross 4,,,Median commuting duration,Median commuting duration,6,5.8,60,,,,,,6001008
2011,Carcross 4,,,Total employed population aged 15 years and over by time leaving for work,Time leaving for work,20,10,15,,,,,<a target='_blank' href='https://community-statistics.service.yukon.ca/pages/census-2011-data-notes#nhs97'>97</a>,6001008
2011,Carcross 4,Total employed population aged 15 years and over by time leaving for work,,Between 5 and 6:59 a.m.,Time leaving for work,0,0,0,,,,,,6001008
2011,Carcross 4,Total employed population aged 15 years and over by time leaving for work,,Between 7 and 9:00 a.m.,Time leaving for work,15,10,10,,,,,,6001008
2011,Carcross 4,Total employed population aged 15 years and over by time leaving for work,,Anytime after 9:00 a.m.,Time leaving for work,0,0,0,,,,,,6001008
2011,Carcross-Tagish Region,,,Total employed population aged 15 years and over with a usual place of work or no fixed workplace address by mode of transportation,Mode of transportation,275,,,,,,,,YBS048008036
2011,Carcross-Tagish Region,Total employed population aged 15 years and over with a usual place of work or no fixed workplace address by mode of transportation,,Car; truck or van - as a driver,Mode of transportation,205,,,,,,,,YBS048008036
2011,Carcross-Tagish Region,Total employed population aged 15 years and over with a usual place of work or no fixed workplace address by mode of transportation,,Car; truck or van - as a passenger,Mode of transportation,20,,,,,,,,YBS048008036
2011,Carcross-Tagish Region,Total employed population aged 15 years and over with a usual place of work or no fixed workplace address by mode of transportation,,Public transit,Mode of transportation,0,,,,,,,,6001012
2011,Carcross-Tagish Region,Total employed population aged 15 years and over with a usual place of work or no fixed workplace address by mode of transportation,,Walked,Mode of transportation,35,,,,,,,,YBS048008036
2011,Carcross-Tagish Region,Total employed population aged 15 years and over with a usual place of work or no fixed workplace address by mode of transportation,,Bicycle,Mode of transportation,0,,,,,,,,YBS048008036
2011,Carcross-Tagish Region,Total employed population aged 15 years and over with a usual place of work or no fixed workplace address by mode of transportation,,Other methods,Mode of transportation,0,,,,,,,,YBS048008036
2011,Carcross-Tagish Region,,,Total employed population aged 15 years and over with a usual place of work or no fixed workplace address by median commuting duration,Median commuting duration,275,,,,,,,,YBS048008036
2011,Carcross-Tagish Region,,,Median commuting duration,Median commuting duration,16,,,,,,,,YBS048008036
2011,Carcross-Tagish Region,,,Total employed population aged 15 years and over by time leaving for work,Time leaving for work,270,,,,,,,,YBS048008036
2011,Carcross-Tagish Region,Total employed population aged 15 years and over by time leaving for work,,Between 5 and 6:59 a.m.,Time leaving for work,60,,,,,,,,YBS048008036
2011,Carcross-Tagish Region,Total employed population aged 15 years and over by time leaving for work,,Between 7 and 9:00 a.m.,Time leaving for work,160,,,,,,,,YBS048008036
2011,Carcross-Tagish Region,Total employed population aged 15 years and over by time leaving for work,,Anytime after 9:00 a.m.,Time leaving for work,50,,,,,,,,YBS048008036
2011,Dawson,,,Total employed population aged 15 years and over with a usual place of work or no fixed workplace address by mode of transportation,Mode of transportation,785,375,400,,,,,<a target='_blank' href='https://community-statistics.service.yukon.ca/pages/census-2011-data-notes#nhs95'>95</a>,6001049
2011,Dawson,Total employed population aged 15 years and over with a usual place of work or no fixed workplace address by mode of transportation,,Car; truck or van - as a driver,Mode of transportation,400,210,185,,,,,,6001049
2011,Dawson,Total employed population aged 15 years and over with a usual place of work or no fixed workplace address by mode of transportation,,Car; truck or van - as a passenger,Mode of transportation,70,60,10,,,,,,6001049
2011,Dawson,Total employed population aged 15 years and over with a usual place of work or no fixed workplace address by mode of transportation,,Public transit,Mode of transportation,0,0,0,,,,,,6001049
2011,Dawson,Total employed population aged 15 years and over with a usual place of work or no fixed workplace address by mode of transportation,,Walked,Mode of transportation,210,75,135,,,,,,6001049
2011,Dawson,Total employed population aged 15 years and over with a usual place of work or no fixed workplace address by mode of transportation,,Bicycle,Mode of transportation,50,0,40,,,,,,6001049
2011,Dawson,Total employed population aged 15 years and over with a usual place of work or no fixed workplace address by mode of transportation,,Other methods,Mode of transportation,15,15,0,,,,,,6001049
2011,Dawson,,,Total employed population aged 15 years and over with a usual place of work or no fixed workplace address by median commuting duration,Median commuting duration,780,380,405,,,,,<a target='_blank' href='https://community-statistics.service.yukon.ca/pages/census-2011-data-notes#nhs96'>96</a>,6001049
2011,Dawson,,,Median commuting duration,Median commuting duration,5.9,10.2,5.7,,,,,,6001049
2011,Dawson,,,Total employed population aged 15 years and over by time leaving for work,Time leaving for work,780,375,405,,,,,<a target='_blank' href='https://community-statistics.service.yukon.ca/pages/census-2011-data-notes#nhs97'>97</a>,6001049
2011,Dawson,Total employed population aged 15 years and over by time leaving for work,,Between 5 and 6:59 a.m.,Time leaving for work,90,30,60,,,,,,6001049
2011,Dawson,Total employed population aged 15 years and over by time leaving for work,,Between 7 and 9:00 a.m.,Time leaving for work,495,270,225,,,,,,6001049
2011,Dawson,Total employed population aged 15 years and over by time leaving for work,,Anytime after 9:00 a.m.,Time leaving for work,195,85,115,,,,,,6001049
2011,Faro,,,Total employed population aged 15 years and over with a usual place of work or no fixed workplace address by mode of transportation,Mode of transportation,155,85,75,,,,,<a target='_blank' href='https://community-statistics.service.yukon.ca/pages/census-2011-data-notes#nhs95'>95</a>,6001004
2011,Faro,Total employed population aged 15 years and over with a usual place of work or no fixed workplace address by mode of transportation,,Car; truck or van - as a driver,Mode of transportation,115,65,45,,,,,,6001004
2011,Faro,Total employed population aged 15 years and over with a usual place of work or no fixed workplace address by mode of transportation,,Car; truck or van - as a passenger,Mode of transportation,10,0,10,,,,,,6001004
2011,Faro,Total employed population aged 15 years and over with a usual place of work or no fixed workplace address by mode of transportation,,Public transit,Mode of transportation,0,0,0,,,,,,6001004
2011,Faro,Total employed population aged 15 years and over with a usual place of work or no fixed workplace address by mode of transportation,,Walked,Mode of transportation,30,10,20,,,,,,6001004
2011,Faro,Total employed population aged 15 years and over with a usual place of work or no fixed workplace address by mode of transportation,,Bicycle,Mode of transportation,0,0,0,,,,,,6001004
2011,Faro,Total employed population aged 15 years and over with a usual place of work or no fixed workplace address by mode of transportation,,Other methods,Mode of transportation,0,0,0,,,,,,6001018
2011,Faro,,,Total employed population aged 15 years and over with a usual place of work or no fixed workplace address by median commuting duration,Median commuting duration,155,80,70,,,,,<a target='_blank' href='https://community-statistics.service.yukon.ca/pages/census-2011-data-notes#nhs96'>96</a>,6001018
2011,Faro,,,Median commuting duration,Median commuting duration,10.3,15.1,5.9,,,,,,6001018
2011,Faro,,,Total employed population aged 15 years and over by time leaving for work,Time leaving for work,155,80,70,,,,,<a target='_blank' href='https://community-statistics.service.yukon.ca/pages/census-2011-data-notes#nhs97'>97</a>,6001018
2011,Faro,Total employed population aged 15 years and over by time leaving for work,,Between 5 and 6:59 a.m.,Time leaving for work,50,35,15,,,,,,6001018
2011,Faro,Total employed population aged 15 years and over by time leaving for work,,Between 7 and 9:00 a.m.,Time leaving for work,85,35,50,,,,,,6001018
2011,Faro,Total employed population aged 15 years and over by time leaving for work,,Anytime after 9:00 a.m.,Time leaving for work,20,15,10,,,,,,6001018
2011,Haines Junction,,,Total employed population aged 15 years and over with a usual place of work or no fixed workplace address by mode of transportation,Mode of transportation,330,155,170,,,,,<a target='_blank' href='https://community-statistics.service.yukon.ca/pages/census-2011-data-notes#nhs95'>95</a>,6001018
2011,Haines Junction,Total employed population aged 15 years and over with a usual place of work or no fixed workplace address by mode of transportation,,Car; truck or van - as a driver,Mode of transportation,210,105,105,,,,,,6001018
2011,Haines Junction,Total employed population aged 15 years and over with a usual place of work or no fixed workplace address by mode of transportation,,Car; truck or van - as a passenger,Mode of transportation,25,15,10,,,,,,6001018
2011,Haines Junction,Total employed population aged 15 years and over with a usual place of work or no fixed workplace address by mode of transportation,,Public transit,Mode of transportation,0,0,0,,,,,,6001018
2011,Haines Junction,Total employed population aged 15 years and over with a usual place of work or no fixed workplace address by mode of transportation,,Walked,Mode of transportation,80,30,50,,,,,,6001018
2011,Haines Junction,Total employed population aged 15 years and over with a usual place of work or no fixed workplace address by mode of transportation,,Bicycle,Mode of transportation,10,10,0,,,,,,6001018
2011,Haines Junction,Total employed population aged 15 years and over with a usual place of work or no fixed workplace address by mode of transportation,,Other methods,Mode of transportation,0,0,0,,,,,,6001018
2011,Haines Junction,,,Total employed population aged 15 years and over with a usual place of work or no fixed workplace address by median commuting duration,Median commuting duration,325,155,170,,,,,<a target='_blank' href='https://community-statistics.service.yukon.ca/pages/census-2011-data-notes#nhs96'>96</a>,6001018
2011,Haines Junction,,,Median commuting duration,Median commuting duration,5.6,5.8,5.5,,,,,,6001018
2011,Haines Junction,,,Total employed population aged 15 years and over by time leaving for work,Time leaving for work,330,160,170,,,,,<a target='_blank' href='https://community-statistics.service.yukon.ca/pages/census-2011-data-notes#nhs97'>97</a>,6001018
2011,Haines Junction,Total employed population aged 15 years and over by time leaving for work,,Between 5 and 6:59 a.m.,Time leaving for work,35,25,10,,,,,,6001018
2011,Haines Junction,Total employed population aged 15 years and over by time leaving for work,,Between 7 and 9:00 a.m.,Time leaving for work,235,105,130,,,,,,6001018
2011,Haines Junction,Total employed population aged 15 years and over by time leaving for work,,Anytime after 9:00 a.m.,Time leaving for work,50,25,25,,,,,,6001018
2011,Mt. Lorne,,,Total employed population aged 15 years and over with a usual place of work or no fixed workplace address by mode of transportation,Mode of transportation,220,115,105,,,,,<a target='_blank' href='https://community-statistics.service.yukon.ca/pages/census-2011-data-notes#nhs95'>95</a>,6001044
2011,Mt. Lorne,Total employed population aged 15 years and over with a usual place of work or no fixed workplace address by mode of transportation,,Car; truck or van - as a driver,Mode of transportation,170,90,80,,,,,,6001044
2011,Mt. Lorne,Total employed population aged 15 years and over with a usual place of work or no fixed workplace address by mode of transportation,,Car; truck or van - as a passenger,Mode of transportation,15,0,0,,,,,,6001044
2011,Mt. Lorne,Total employed population aged 15 years and over with a usual place of work or no fixed workplace address by mode of transportation,,Public transit,Mode of transportation,0,0,0,,,,,,6001044
2011,Mt. Lorne,Total employed population aged 15 years and over with a usual place of work or no fixed workplace address by mode of transportation,,Walked,Mode of transportation,0,0,0,,,,,,6001044
2011,Mt. Lorne,Total employed population aged 15 years and over with a usual place of work or no fixed workplace address by mode of transportation,,Bicycle,Mode of transportation,0,0,0,,,,,,6001044
2011,Mt. Lorne,Total employed population aged 15 years and over with a usual place of work or no fixed workplace address by mode of transportation,,Other methods,Mode of transportation,0,0,0,,,,,,6001044
2011,Mt. Lorne,,,Total employed population aged 15 years and over with a usual place of work or no fixed workplace address by median commuting duration,Median commuting duration,220,115,105,,,,,<a target='_blank' href='https://community-statistics.service.yukon.ca/pages/census-2011-data-notes#nhs96'>96</a>,6001044
2011,Mt. Lorne,,,Median commuting duration,Median commuting duration,30.3,25.3,30.7,,,,,,6001044
2011,Mt. Lorne,,,Total employed population aged 15 years and over by time leaving for work,Time leaving for work,220,115,105,,,,,<a target='_blank' href='https://community-statistics.service.yukon.ca/pages/census-2011-data-notes#nhs97'>97</a>,6001044
2011,Mt. Lorne,Total employed population aged 15 years and over by time leaving for work,,Between 5 and 6:59 a.m.,Time leaving for work,25,0,0,,,,,,6001044
2011,Mt. Lorne,Total employed population aged 15 years and over by time leaving for work,,Between 7 and 9:00 a.m.,Time leaving for work,150,75,70,,,,,,6001044
2011,Mt. Lorne,Total employed population aged 15 years and over by time leaving for work,,Anytime after 9:00 a.m.,Time leaving for work,50,30,0,,,,,,6001044
2011,Old Crow,,,Total employed population aged 15 years and over with a usual place of work or no fixed workplace address by mode of transportation,Mode of transportation,110,60,55,,,,,<a target='_blank' href='https://community-statistics.service.yukon.ca/pages/census-2011-data-notes#nhs95'>95</a>,6001043
2011,Old Crow,Total employed population aged 15 years and over with a usual place of work or no fixed workplace address by mode of transportation,,Car; truck or van - as a driver,Mode of transportation,10,0,0,,,,,,6001043
2011,Old Crow,Total employed population aged 15 years and over with a usual place of work or no fixed workplace address by mode of transportation,,Car; truck or van - as a passenger,Mode of transportation,0,0,0,,,,,,6001043
2011,Old Crow,Total employed population aged 15 years and over with a usual place of work or no fixed workplace address by mode of transportation,,Public transit,Mode of transportation,0,0,0,,,,,,6001043
2011,Old Crow,Total employed population aged 15 years and over with a usual place of work or no fixed workplace address by mode of transportation,,Walked,Mode of transportation,85,40,45,,,,,,6001043
2011,Old Crow,Total employed population aged 15 years and over with a usual place of work or no fixed workplace address by mode of transportation,,Bicycle,Mode of transportation,0,0,0,,,,,,6001043
2011,Old Crow,Total employed population aged 15 years and over with a usual place of work or no fixed workplace address by mode of transportation,,Other methods,Mode of transportation,20,20,0,,,,,,6001043
2011,Old Crow,,,Total employed population aged 15 years and over with a usual place of work or no fixed workplace address by median commuting duration,Median commuting duration,115,60,55,,,,,<a target='_blank' href='https://community-statistics.service.yukon.ca/pages/census-2011-data-notes#nhs96'>96</a>,6001043
2011,Old Crow,,,Median commuting duration,Median commuting duration,5.8,5.4,10,,,,,,6001043
2011,Old Crow,,,Total employed population aged 15 years and over by time leaving for work,Time leaving for work,115,60,55,,,,,<a target='_blank' href='https://community-statistics.service.yukon.ca/pages/census-2011-data-notes#nhs97'>97</a>,6001043
2011,Old Crow,Total employed population aged 15 years and over by time leaving for work,,Between 5 and 6:59 a.m.,Time leaving for work,15,15,0,,,,,,6001043
2011,Old Crow,Total employed population aged 15 years and over by time leaving for work,,Between 7 and 9:00 a.m.,Time leaving for work,85,45,45,,,,,,6001043
2011,Old Crow,Total employed population aged 15 years and over by time leaving for work,,Anytime after 9:00 a.m.,Time leaving for work,15,10,0,,,,,,6001043
2011,Pelly Crossing,,,Total employed population aged 15 years and over with a usual place of work or no fixed workplace address by mode of transportation,Mode of transportation,95,50,45,,,,,<a target='_blank' href='https://community-statistics.service.yukon.ca/pages/census-2011-data-notes#nhs95'>95</a>,6001041
2011,Pelly Crossing,Total employed population aged 15 years and over with a usual place of work or no fixed workplace address by mode of transportation,,Car; truck or van - as a driver,Mode of transportation,50,25,30,,,,,,6001041
2011,Pelly Crossing,Total employed population aged 15 years and over with a usual place of work or no fixed workplace address by mode of transportation,,Car; truck or van - as a passenger,Mode of transportation,10,10,0,,,,,,6001041
2011,Pelly Crossing,Total employed population aged 15 years and over with a usual place of work or no fixed workplace address by mode of transportation,,Public transit,Mode of transportation,0,0,0,,,,,,6001041
2011,Pelly Crossing,Total employed population aged 15 years and over with a usual place of work or no fixed workplace address by mode of transportation,,Walked,Mode of transportation,25,15,10,,,,,,6001041
2011,Pelly Crossing,Total employed population aged 15 years and over with a usual place of work or no fixed workplace address by mode of transportation,,Bicycle,Mode of transportation,0,0,0,,,,,,6001041
2011,Pelly Crossing,Total employed population aged 15 years and over with a usual place of work or no fixed workplace address by mode of transportation,,Other methods,Mode of transportation,0,0,0,,,,,,6001041
2011,Pelly Crossing,,,Total employed population aged 15 years and over with a usual place of work or no fixed workplace address by median commuting duration,Median commuting duration,95,50,50,,,,,<a target='_blank' href='https://community-statistics.service.yukon.ca/pages/census-2011-data-notes#nhs96'>96</a>,6001041
2011,Pelly Crossing,,,Median commuting duration,Median commuting duration,10.1,10.1,10.2,,,,,,6001041
2011,Pelly Crossing,,,Total employed population aged 15 years and over by time leaving for work,Time leaving for work,95,50,50,,,,,<a target='_blank' href='https://community-statistics.service.yukon.ca/pages/census-2011-data-notes#nhs97'>97</a>,6001041
2011,Pelly Crossing,Total employed population aged 15 years and over by time leaving for work,,Between 5 and 6:59 a.m.,Time leaving for work,0,0,0,,,,,,6001041
2011,Pelly Crossing,Total employed population aged 15 years and over by time leaving for work,,Between 7 and 9:00 a.m.,Time leaving for work,70,40,35,,,,,,6001041
2011,Pelly Crossing,Total employed population aged 15 years and over by time leaving for work,,Anytime after 9:00 a.m.,Time leaving for work,20,10,10,,,,,,6001037
2011,Ross River,,,Total employed population aged 15 years and over with a usual place of work or no fixed workplace address by mode of transportation,Mode of transportation,135,65,70,,,,,<a target='_blank' href='https://community-statistics.service.yukon.ca/pages/census-2011-data-notes#nhs95'>95</a>,6001037
2011,Ross River,Total employed population aged 15 years and over with a usual place of work or no fixed workplace address by mode of transportation,,Car; truck or van - as a driver,Mode of transportation,70,35,40,,,,,,6001037
2011,Ross River,Total employed population aged 15 years and over with a usual place of work or no fixed workplace address by mode of transportation,,Car; truck or van - as a passenger,Mode of transportation,0,0,0,,,,,,6001037
2011,Ross River,Total employed population aged 15 years and over with a usual place of work or no fixed workplace address by mode of transportation,,Public transit,Mode of transportation,0,0,0,,,,,,6001037
2011,Ross River,Total employed population aged 15 years and over with a usual place of work or no fixed workplace address by mode of transportation,,Walked,Mode of transportation,45,25,20,,,,,,6001037
2011,Ross River,Total employed population aged 15 years and over with a usual place of work or no fixed workplace address by mode of transportation,,Bicycle,Mode of transportation,0,0,0,,,,,,6001037
2011,Ross River,Total employed population aged 15 years and over with a usual place of work or no fixed workplace address by mode of transportation,,Other methods,Mode of transportation,15,0,10,,,,,,6001037
2011,Ross River,,,Total employed population aged 15 years and over with a usual place of work or no fixed workplace address by median commuting duration,Median commuting duration,135,65,70,,,,,<a target='_blank' href='https://community-statistics.service.yukon.ca/pages/census-2011-data-notes#nhs96'>96</a>,6001037
2011,Ross River,,,Median commuting duration,Median commuting duration,5.4,5.4,5.5,,,,,,6001037
2011,Ross River,,,Total employed population aged 15 years and over by time leaving for work,Time leaving for work,135,60,70,,,,,<a target='_blank' href='https://community-statistics.service.yukon.ca/pages/census-2011-data-notes#nhs97'>97</a>,6001037
2011,Ross River,Total employed population aged 15 years and over by time leaving for work,,Between 5 and 6:59 a.m.,Time leaving for work,15,15,0,,,,,,6001037
2011,Ross River,Total employed population aged 15 years and over by time leaving for work,,Between 7 and 9:00 a.m.,Time leaving for work,90,45,45,,,,,,6001037
2011,Ross River,Total employed population aged 15 years and over by time leaving for work,,Anytime after 9:00 a.m.,Time leaving for work,30,0,25,,,,,,6001037
2011,Teslin Region,,,Total employed population aged 15 years and over with a usual place of work or no fixed workplace address by mode of transportation,Mode of transportation,95,,,,,,,,YBS006057007
2011,Teslin Region,Total employed population aged 15 years and over with a usual place of work or no fixed workplace address by mode of transportation,,Car; truck or van - as a driver,Mode of transportation,70,,,,,,,,YBS006057007
2011,Teslin Region,Total employed population aged 15 years and over with a usual place of work or no fixed workplace address by mode of transportation,,Car; truck or van - as a passenger,Mode of transportation,15,,,,,,,,YBS006057007
2011,Teslin Region,Total employed population aged 15 years and over with a usual place of work or no fixed workplace address by mode of transportation,,Public transit,Mode of transportation,0,,,,,,,,YBS006057007
2011,Teslin Region,Total employed population aged 15 years and over with a usual place of work or no fixed workplace address by mode of transportation,,Walked,Mode of transportation,10,,,,,,,,YBS006057007
2011,Teslin Region,Total employed population aged 15 years and over with a usual place of work or no fixed workplace address by mode of transportation,,Bicycle,Mode of transportation,0,,,,,,,,YBS006057007
2011,Teslin Region,Total employed population aged 15 years and over with a usual place of work or no fixed workplace address by mode of transportation,,Other methods,Mode of transportation,0,,,,,,,,YBS006057007
2011,Teslin Region,,,Total employed population aged 15 years and over with a usual place of work or no fixed workplace address by median commuting duration,Median commuting duration,100,,,,,,,,YBS006057007
2011,Teslin Region,,,Median commuting duration,Median commuting duration,9,,,,,,,,YBS006057007
2011,Teslin Region,,,Total employed population aged 15 years and over by time leaving for work,Time leaving for work,100,,,,,,,,YBS006057007
2011,Teslin Region,Total employed population aged 15 years and over by time leaving for work,,Between 5 and 6:59 a.m.,Time leaving for work,10,,,,,,,,YBS006057007
2011,Teslin Region,Total employed population aged 15 years and over by time leaving for work,,Between 7 and 9:00 a.m.,Time leaving for work,80,,,,,,,,YBS006057007
2011,Teslin Region,Total employed population aged 15 years and over by time leaving for work,,Anytime after 9:00 a.m.,Time leaving for work,0,,,,,,,,YBS006057007
2011,Teslin Post 13,,,Total employed population aged 15 years and over with a usual place of work or no fixed workplace address by mode of transportation,Mode of transportation,45,25,25,,,,,<a target='_blank' href='https://community-statistics.service.yukon.ca/pages/census-2011-data-notes#nhs95'>95</a>,6001007
2011,Teslin Post 13,Total employed population aged 15 years and over with a usual place of work or no fixed workplace address by mode of transportation,,Car; truck or van - as a driver,Mode of transportation,35,15,15,,,,,,6001007
2011,Teslin Post 13,Total employed population aged 15 years and over with a usual place of work or no fixed workplace address by mode of transportation,,Car; truck or van - as a passenger,Mode of transportation,0,0,0,,,,,,6001007
2011,Teslin Post 13,Total employed population aged 15 years and over with a usual place of work or no fixed workplace address by mode of transportation,,Public transit,Mode of transportation,0,0,0,,,,,,6001007
2011,Teslin Post 13,Total employed population aged 15 years and over with a usual place of work or no fixed workplace address by mode of transportation,,Walked,Mode of transportation,10,0,10,,,,,,6001007
2011,Teslin Post 13,Total employed population aged 15 years and over with a usual place of work or no fixed workplace address by mode of transportation,,Bicycle,Mode of transportation,0,0,0,,,,,,6001007
2011,Teslin Post 13,Total employed population aged 15 years and over with a usual place of work or no fixed workplace address by mode of transportation,,Other methods,Mode of transportation,0,0,0,,,,,,6001007
2011,Teslin Post 13,,,Total employed population aged 15 years and over with a usual place of work or no fixed workplace address by median commuting duration,Median commuting duration,45,25,25,,,,,<a target='_blank' href='https://community-statistics.service.yukon.ca/pages/census-2011-data-notes#nhs96'>96</a>,6001007
2011,Teslin Post 13,,,Median commuting duration,Median commuting duration,10.1,10.4,5.7,,,,,,6001007
2011,Teslin Post 13,,,Total employed population aged 15 years and over by time leaving for work,Time leaving for work,45,25,20,,,,,<a target='_blank' href='https://community-statistics.service.yukon.ca/pages/census-2011-data-notes#nhs97'>97</a>,6001007
2011,Teslin Post 13,Total employed population aged 15 years and over by time leaving for work,,Between 5 and 6:59 a.m.,Time leaving for work,10,0,0,,,,,,6001007
2011,Teslin Post 13,Total employed population aged 15 years and over by time leaving for work,,Between 7 and 9:00 a.m.,Time leaving for work,30,10,20,,,,,,6001007
2011,Teslin Post 13,Total employed population aged 15 years and over by time leaving for work,,Anytime after 9:00 a.m.,Time leaving for work,10,10,0,,,,,,6001007
2011,Upper Liard,,,Total employed population aged 15 years and over with a usual place of work or no fixed workplace address by mode of transportation,Mode of transportation,40,25,15,,,,,<a target='_blank' href='https://community-statistics.service.yukon.ca/pages/census-2011-data-notes#nhs95'>95</a>,6001032
2011,Upper Liard,Total employed population aged 15 years and over with a usual place of work or no fixed workplace address by mode of transportation,,Car; truck or van - as a driver,Mode of transportation,25,20,0,,,,,,6001032
2011,Upper Liard,Total employed population aged 15 years and over with a usual place of work or no fixed workplace address by mode of transportation,,Car; truck or van - as a passenger,Mode of transportation,10,0,0,,,,,,6001032
2011,Upper Liard,Total employed population aged 15 years and over with a usual place of work or no fixed workplace address by mode of transportation,,Public transit,Mode of transportation,0,0,0,,,,,,6001032
2011,Upper Liard,Total employed population aged 15 years and over with a usual place of work or no fixed workplace address by mode of transportation,,Walked,Mode of transportation,0,0,0,,,,,,6001032
2011,Upper Liard,Total employed population aged 15 years and over with a usual place of work or no fixed workplace address by mode of transportation,,Bicycle,Mode of transportation,0,0,0,,,,,,6001032
2011,Upper Liard,Total employed population aged 15 years and over with a usual place of work or no fixed workplace address by mode of transportation,,Other methods,Mode of transportation,0,0,0,,,,,,6001032
2011,Upper Liard,,,Total employed population aged 15 years and over with a usual place of work or no fixed workplace address by median commuting duration,Median commuting duration,40,25,15,,,,,<a target='_blank' href='https://community-statistics.service.yukon.ca/pages/census-2011-data-notes#nhs96'>96</a>,6001032
2011,Upper Liard,,,Median commuting duration,Median commuting duration,15.5,15.7,15,,,,,,6001032
2011,Upper Liard,,,Total employed population aged 15 years and over by time leaving for work,Time leaving for work,40,25,15,,,,,<a target='_blank' href='https://community-statistics.service.yukon.ca/pages/census-2011-data-notes#nhs97'>97</a>,6001032
2011,Upper Liard,Total employed population aged 15 years and over by time leaving for work,,Between 5 and 6:59 a.m.,Time leaving for work,10,0,0,,,,,,6001032
2011,Upper Liard,Total employed population aged 15 years and over by time leaving for work,,Between 7 and 9:00 a.m.,Time leaving for work,25,15,15,,,,,,6001032
2011,Upper Liard,Total employed population aged 15 years and over by time leaving for work,,Anytime after 9:00 a.m.,Time leaving for work,10,0,0,,,,,,6001032
2011,Watson Lake,,,Total employed population aged 15 years and over with a usual place of work or no fixed workplace address by mode of transportation,Mode of transportation,435,230,205,,,,,<a target='_blank' href='https://community-statistics.service.yukon.ca/pages/census-2011-data-notes#nhs95'>95</a>,6001003
2011,Watson Lake,Total employed population aged 15 years and over with a usual place of work or no fixed workplace address by mode of transportation,,Car; truck or van - as a driver,Mode of transportation,320,175,140,,,,,,6001003
2011,Watson Lake,Total employed population aged 15 years and over with a usual place of work or no fixed workplace address by mode of transportation,,Car; truck or van - as a passenger,Mode of transportation,25,15,15,,,,,,6001003
2011,Watson Lake,Total employed population aged 15 years and over with a usual place of work or no fixed workplace address by mode of transportation,,Public transit,Mode of transportation,0,0,0,,,,,,6001003
2011,Watson Lake,Total employed population aged 15 years and over with a usual place of work or no fixed workplace address by mode of transportation,,Walked,Mode of transportation,75,35,40,,,,,,6001003
2011,Watson Lake,Total employed population aged 15 years and over with a usual place of work or no fixed workplace address by mode of transportation,,Bicycle,Mode of transportation,10,0,10,,,,,,6001003
2011,Watson Lake,Total employed population aged 15 years and over with a usual place of work or no fixed workplace address by mode of transportation,,Other methods,Mode of transportation,10,0,10,,,,,,6001003
2011,Watson Lake,,,Total employed population aged 15 years and over with a usual place of work or no fixed workplace address by median commuting duration,Median commuting duration,440,230,210,,,,,<a target='_blank' href='https://community-statistics.service.yukon.ca/pages/census-2011-data-notes#nhs96'>96</a>,6001003
2011,Watson Lake,,,Median commuting duration,Median commuting duration,5.8,5.8,5.7,,,,,,6001003
2011,Watson Lake,,,Total employed population aged 15 years and over by time leaving for work,Time leaving for work,440,230,210,,,,,<a target='_blank' href='https://community-statistics.service.yukon.ca/pages/census-2011-data-notes#nhs97'>97</a>,6001003
2011,Watson Lake,Total employed population aged 15 years and over by time leaving for work,,Between 5 and 6:59 a.m.,Time leaving for work,45,35,15,,,,,,6001003
2011,Watson Lake,Total employed population aged 15 years and over by time leaving for work,,Between 7 and 9:00 a.m.,Time leaving for work,315,150,160,,,,,,6001003
2011,Watson Lake,Total employed population aged 15 years and over by time leaving for work,,Anytime after 9:00 a.m.,Time leaving for work,75,40,35,,,,,,6001003
2011,Watson Lake Region,,,Total employed population aged 15 years and over with a usual place of work or no fixed workplace address by mode of transportation,Mode of transportation,520,,,,,,,,YBS003032033034035
2011,Watson Lake Region,Total employed population aged 15 years and over with a usual place of work or no fixed workplace address by mode of transportation,,Car; truck or van - as a driver,Mode of transportation,375,,,,,,,,YBS003032033034035
2011,Watson Lake Region,Total employed population aged 15 years and over with a usual place of work or no fixed workplace address by mode of transportation,,Car; truck or van - as a passenger,Mode of transportation,40,,,,,,,,YBS003032033034035
2011,Watson Lake Region,Total employed population aged 15 years and over with a usual place of work or no fixed workplace address by mode of transportation,,Public transit,Mode of transportation,0,,,,,,,,YBS003032033034035
2011,Watson Lake Region,Total employed population aged 15 years and over with a usual place of work or no fixed workplace address by mode of transportation,,Walked,Mode of transportation,80,,,,,,,,YBS003032033034035
2011,Watson Lake Region,Total employed population aged 15 years and over with a usual place of work or no fixed workplace address by mode of transportation,,Bicycle,Mode of transportation,15,,,,,,,,YBS003032033034035
2011,Watson Lake Region,Total employed population aged 15 years and over with a usual place of work or no fixed workplace address by mode of transportation,,Other methods,Mode of transportation,10,,,,,,,,YBS003032033034035
2011,Watson Lake Region,,,Total employed population aged 15 years and over with a usual place of work or no fixed workplace address by median commuting duration,Median commuting duration,515,,,,,,,,YBS003032033034035
2011,Watson Lake Region,,,Median commuting duration,Median commuting duration,6,,,,,,,,YBS003032033034035
2011,Watson Lake Region,,,Total employed population aged 15 years and over by time leaving for work,Time leaving for work,515,,,,,,,,YBS003032033034035
2011,Watson Lake Region,Total employed population aged 15 years and over by time leaving for work,,Between 5 and 6:59 a.m.,Time leaving for work,55,,,,,,,,YBS003032033034035
2011,Watson Lake Region,Total employed population aged 15 years and over by time leaving for work,,Between 7 and 9:00 a.m.,Time leaving for work,375,,,,,,,,YBS003032033034035
2011,Watson Lake Region,Total employed population aged 15 years and over by time leaving for work,,Anytime after 9:00 a.m.,Time leaving for work,95,,,,,,,,YBS003032033034035
