census_year,geo_name,category,sub_category,variable_name,total,male,female,flag_total,flag_male,flag_female,geo_location,data_notes,geo_code
2021,Yukon,,,Total - Population aged 15 years and over by labour force status - 25% sample data,32775,16185,16595,,,,<a target='_blank' href='https://yukon.maps.arcgis.com/apps/dashboards/2b0cac7ad3b44cbea449bda319e6a352#GEO_CODE=6001'>View boundary on map</a>,<a target='_blank' href='https://community-statistics.service.yukon.ca/pages/census-2021-data-notes#datanote184'>184</a>,6001
2021,Yukon,Total - Population aged 15 years and over by labour force status - 25% sample data,,In the labour force,23515,11580,11935,,,,<a target='_blank' href='https://yukon.maps.arcgis.com/apps/dashboards/2b0cac7ad3b44cbea449bda319e6a352#GEO_CODE=6001'>View boundary on map</a>,,6001
2021,Yukon,Total - Population aged 15 years and over by labour force status - 25% sample data,In the labour force,Employed,21905,10730,11175,,,,<a target='_blank' href='https://yukon.maps.arcgis.com/apps/dashboards/2b0cac7ad3b44cbea449bda319e6a352#GEO_CODE=6001'>View boundary on map</a>,,6001
2021,Yukon,Total - Population aged 15 years and over by labour force status - 25% sample data,In the labour force,Unemployed,1610,850,760,,,,<a target='_blank' href='https://yukon.maps.arcgis.com/apps/dashboards/2b0cac7ad3b44cbea449bda319e6a352#GEO_CODE=6001'>View boundary on map</a>,,6001
2021,Yukon,Total - Population aged 15 years and over by labour force status - 25% sample data,,Not in the labour force,9260,4605,4660,,,,<a target='_blank' href='https://yukon.maps.arcgis.com/apps/dashboards/2b0cac7ad3b44cbea449bda319e6a352#GEO_CODE=6001'>View boundary on map</a>,,6001
2021,Yukon,,,Participation rate,71.7,71.5,71.9,,,,<a target='_blank' href='https://yukon.maps.arcgis.com/apps/dashboards/2b0cac7ad3b44cbea449bda319e6a352#GEO_CODE=6001'>View boundary on map</a>,,6001
2021,Yukon,,,Employment rate,66.8,66.3,67.3,,,,<a target='_blank' href='https://yukon.maps.arcgis.com/apps/dashboards/2b0cac7ad3b44cbea449bda319e6a352#GEO_CODE=6001'>View boundary on map</a>,,6001
2021,Yukon,,,Unemployment rate,6.8,7.3,6.4,,,,<a target='_blank' href='https://yukon.maps.arcgis.com/apps/dashboards/2b0cac7ad3b44cbea449bda319e6a352#GEO_CODE=6001'>View boundary on map</a>,,6001
2021,Whitehorse - Area,,,Total - Population aged 15 years and over by labour force status - 25% sample data,25920,12675,13250,,,,<a target='_blank' href='https://yukon.maps.arcgis.com/apps/dashboards/2b0cac7ad3b44cbea449bda319e6a352#GEO_CODE=990'>View boundary on map</a>,<a target='_blank' href='https://community-statistics.service.yukon.ca/pages/census-2021-data-notes#datanote184'>184</a>,990
2021,Whitehorse - Area,Total - Population aged 15 years and over by labour force status - 25% sample data,,In the labour force,19045,9325,9710,,,,<a target='_blank' href='https://yukon.maps.arcgis.com/apps/dashboards/2b0cac7ad3b44cbea449bda319e6a352#GEO_CODE=990'>View boundary on map</a>,,990
2021,Whitehorse - Area,Total - Population aged 15 years and over by labour force status - 25% sample data,In the labour force,Employed,18035,8795,9235,,,,<a target='_blank' href='https://yukon.maps.arcgis.com/apps/dashboards/2b0cac7ad3b44cbea449bda319e6a352#GEO_CODE=990'>View boundary on map</a>,,990
2021,Whitehorse - Area,Total - Population aged 15 years and over by labour force status - 25% sample data,In the labour force,Unemployed,1010,530,475,,,,<a target='_blank' href='https://yukon.maps.arcgis.com/apps/dashboards/2b0cac7ad3b44cbea449bda319e6a352#GEO_CODE=990'>View boundary on map</a>,,990
2021,Whitehorse - Area,Total - Population aged 15 years and over by labour force status - 25% sample data,,Not in the labour force,6885,3345,3535,,,,<a target='_blank' href='https://yukon.maps.arcgis.com/apps/dashboards/2b0cac7ad3b44cbea449bda319e6a352#GEO_CODE=990'>View boundary on map</a>,,990
2021,Whitehorse - Area,,,Participation rate,73.5,73.6,73.3,,,,<a target='_blank' href='https://yukon.maps.arcgis.com/apps/dashboards/2b0cac7ad3b44cbea449bda319e6a352#GEO_CODE=990'>View boundary on map</a>,,990
2021,Whitehorse - Area,,,Employment rate,69.6,69.4,69.7,,,,<a target='_blank' href='https://yukon.maps.arcgis.com/apps/dashboards/2b0cac7ad3b44cbea449bda319e6a352#GEO_CODE=990'>View boundary on map</a>,,990
2021,Whitehorse - Area,,,Unemployment rate,5.3,5.7,4.9,,,,<a target='_blank' href='https://yukon.maps.arcgis.com/apps/dashboards/2b0cac7ad3b44cbea449bda319e6a352#GEO_CODE=990'>View boundary on map</a>,,990
2021,Whitehorse - City,,,Total - Population aged 15 years and over by labour force status - 25% sample data,22785,11040,11745,,,,<a target='_blank' href='https://yukon.maps.arcgis.com/apps/dashboards/2b0cac7ad3b44cbea449bda319e6a352#GEO_CODE=6001009'>View boundary on map</a>,<a target='_blank' href='https://community-statistics.service.yukon.ca/pages/census-2021-data-notes#datanote184'>184</a>,6001009
2021,Whitehorse - City,Total - Population aged 15 years and over by labour force status - 25% sample data,,In the labour force,16900,8250,8655,,,,<a target='_blank' href='https://yukon.maps.arcgis.com/apps/dashboards/2b0cac7ad3b44cbea449bda319e6a352#GEO_CODE=6001009'>View boundary on map</a>,,6001009
2021,Whitehorse - City,Total - Population aged 15 years and over by labour force status - 25% sample data,In the labour force,Employed,15960,7755,8210,,,,<a target='_blank' href='https://yukon.maps.arcgis.com/apps/dashboards/2b0cac7ad3b44cbea449bda319e6a352#GEO_CODE=6001009'>View boundary on map</a>,,6001009
2021,Whitehorse - City,Total - Population aged 15 years and over by labour force status - 25% sample data,In the labour force,Unemployed,940,495,450,,,,<a target='_blank' href='https://yukon.maps.arcgis.com/apps/dashboards/2b0cac7ad3b44cbea449bda319e6a352#GEO_CODE=6001009'>View boundary on map</a>,,6001009
2021,Whitehorse - City,Total - Population aged 15 years and over by labour force status - 25% sample data,,Not in the labour force,5885,2790,3095,,,,<a target='_blank' href='https://yukon.maps.arcgis.com/apps/dashboards/2b0cac7ad3b44cbea449bda319e6a352#GEO_CODE=6001009'>View boundary on map</a>,,6001009
2021,Whitehorse - City,,,Participation rate,74.2,74.7,73.7,,,,<a target='_blank' href='https://yukon.maps.arcgis.com/apps/dashboards/2b0cac7ad3b44cbea449bda319e6a352#GEO_CODE=6001009'>View boundary on map</a>,,6001009
2021,Whitehorse - City,,,Employment rate,70,70.2,69.9,,,,<a target='_blank' href='https://yukon.maps.arcgis.com/apps/dashboards/2b0cac7ad3b44cbea449bda319e6a352#GEO_CODE=6001009'>View boundary on map</a>,,6001009
2021,Whitehorse - City,,,Unemployment rate,5.6,6,5.2,,,,<a target='_blank' href='https://yukon.maps.arcgis.com/apps/dashboards/2b0cac7ad3b44cbea449bda319e6a352#GEO_CODE=6001009'>View boundary on map</a>,,6001009
2021,Beaver Creek,,,Total - Population aged 15 years and over by labour force status - 25% sample data,60,35,30,,,,<a target='_blank' href='https://yukon.maps.arcgis.com/apps/dashboards/2b0cac7ad3b44cbea449bda319e6a352#GEO_CODE=6001042'>View boundary on map</a>,<a target='_blank' href='https://community-statistics.service.yukon.ca/pages/census-2021-data-notes#datanote184'>184</a>,6001042
2021,Beaver Creek,Total - Population aged 15 years and over by labour force status - 25% sample data,,In the labour force,55,30,25,,,,<a target='_blank' href='https://yukon.maps.arcgis.com/apps/dashboards/2b0cac7ad3b44cbea449bda319e6a352#GEO_CODE=6001042'>View boundary on map</a>,,6001042
2021,Beaver Creek,Total - Population aged 15 years and over by labour force status - 25% sample data,In the labour force,Employed,45,25,20,,,,<a target='_blank' href='https://yukon.maps.arcgis.com/apps/dashboards/2b0cac7ad3b44cbea449bda319e6a352#GEO_CODE=6001042'>View boundary on map</a>,,6001042
2021,Beaver Creek,Total - Population aged 15 years and over by labour force status - 25% sample data,In the labour force,Unemployed,10,0,10,,,,<a target='_blank' href='https://yukon.maps.arcgis.com/apps/dashboards/2b0cac7ad3b44cbea449bda319e6a352#GEO_CODE=6001042'>View boundary on map</a>,,6001042
2021,Beaver Creek,Total - Population aged 15 years and over by labour force status - 25% sample data,,Not in the labour force,10,0,10,,,,<a target='_blank' href='https://yukon.maps.arcgis.com/apps/dashboards/2b0cac7ad3b44cbea449bda319e6a352#GEO_CODE=6001042'>View boundary on map</a>,,6001042
2021,Beaver Creek,,,Participation rate,91.7,85.7,83.3,,,,<a target='_blank' href='https://yukon.maps.arcgis.com/apps/dashboards/2b0cac7ad3b44cbea449bda319e6a352#GEO_CODE=6001042'>View boundary on map</a>,,6001042
2021,Beaver Creek,,,Employment rate,75,71.4,66.7,,,,<a target='_blank' href='https://yukon.maps.arcgis.com/apps/dashboards/2b0cac7ad3b44cbea449bda319e6a352#GEO_CODE=6001042'>View boundary on map</a>,,6001042
2021,Beaver Creek,,,Unemployment rate,18.2,0,40,,,,<a target='_blank' href='https://yukon.maps.arcgis.com/apps/dashboards/2b0cac7ad3b44cbea449bda319e6a352#GEO_CODE=6001042'>View boundary on map</a>,,6001042
2021,Burwash Landing,,,Total - Population aged 15 years and over by labour force status - 25% sample data,60,30,35,,,,<a target='_blank' href='https://yukon.maps.arcgis.com/apps/dashboards/2b0cac7ad3b44cbea449bda319e6a352#GEO_CODE=6001039'>View boundary on map</a>,<a target='_blank' href='https://community-statistics.service.yukon.ca/pages/census-2021-data-notes#datanote184'>184</a>,6001039
2021,Burwash Landing,Total - Population aged 15 years and over by labour force status - 25% sample data,,In the labour force,45,25,20,,,,<a target='_blank' href='https://yukon.maps.arcgis.com/apps/dashboards/2b0cac7ad3b44cbea449bda319e6a352#GEO_CODE=6001039'>View boundary on map</a>,,6001039
2021,Burwash Landing,Total - Population aged 15 years and over by labour force status - 25% sample data,In the labour force,Employed,35,20,20,,,,<a target='_blank' href='https://yukon.maps.arcgis.com/apps/dashboards/2b0cac7ad3b44cbea449bda319e6a352#GEO_CODE=6001039'>View boundary on map</a>,,6001039
2021,Burwash Landing,Total - Population aged 15 years and over by labour force status - 25% sample data,In the labour force,Unemployed,10,10,10,,,,<a target='_blank' href='https://yukon.maps.arcgis.com/apps/dashboards/2b0cac7ad3b44cbea449bda319e6a352#GEO_CODE=6001039'>View boundary on map</a>,,6001039
2021,Burwash Landing,Total - Population aged 15 years and over by labour force status - 25% sample data,,Not in the labour force,20,0,0,,,,<a target='_blank' href='https://yukon.maps.arcgis.com/apps/dashboards/2b0cac7ad3b44cbea449bda319e6a352#GEO_CODE=6001039'>View boundary on map</a>,,6001039
2021,Burwash Landing,,,Participation rate,75,83.3,57.1,,,,<a target='_blank' href='https://yukon.maps.arcgis.com/apps/dashboards/2b0cac7ad3b44cbea449bda319e6a352#GEO_CODE=6001039'>View boundary on map</a>,,6001039
2021,Burwash Landing,,,Employment rate,58.3,66.7,57.1,,,,<a target='_blank' href='https://yukon.maps.arcgis.com/apps/dashboards/2b0cac7ad3b44cbea449bda319e6a352#GEO_CODE=6001039'>View boundary on map</a>,,6001039
2021,Burwash Landing,,,Unemployment rate,22.2,40,50,,,,<a target='_blank' href='https://yukon.maps.arcgis.com/apps/dashboards/2b0cac7ad3b44cbea449bda319e6a352#GEO_CODE=6001039'>View boundary on map</a>,,6001039
2021,Carcross,,,Total - Population aged 15 years and over by labour force status - 25% sample data,275,145,125,,,,<a target='_blank' href='https://yukon.maps.arcgis.com/apps/dashboards/2b0cac7ad3b44cbea449bda319e6a352#GEO_CODE=6001048'>View boundary on map</a>,<a target='_blank' href='https://community-statistics.service.yukon.ca/pages/census-2021-data-notes#datanote184'>184</a>,6001048
2021,Carcross,Total - Population aged 15 years and over by labour force status - 25% sample data,,In the labour force,125,75,50,,,,<a target='_blank' href='https://yukon.maps.arcgis.com/apps/dashboards/2b0cac7ad3b44cbea449bda319e6a352#GEO_CODE=6001048'>View boundary on map</a>,,6001048
2021,Carcross,Total - Population aged 15 years and over by labour force status - 25% sample data,In the labour force,Employed,110,65,50,,,,<a target='_blank' href='https://yukon.maps.arcgis.com/apps/dashboards/2b0cac7ad3b44cbea449bda319e6a352#GEO_CODE=6001048'>View boundary on map</a>,,6001048
2021,Carcross,Total - Population aged 15 years and over by labour force status - 25% sample data,In the labour force,Unemployed,20,10,10,,,,<a target='_blank' href='https://yukon.maps.arcgis.com/apps/dashboards/2b0cac7ad3b44cbea449bda319e6a352#GEO_CODE=6001048'>View boundary on map</a>,,6001048
2021,Carcross,Total - Population aged 15 years and over by labour force status - 25% sample data,,Not in the labour force,145,70,75,,,,<a target='_blank' href='https://yukon.maps.arcgis.com/apps/dashboards/2b0cac7ad3b44cbea449bda319e6a352#GEO_CODE=6001048'>View boundary on map</a>,,6001048
2021,Carcross,,,Participation rate,45.5,51.7,40,,,,<a target='_blank' href='https://yukon.maps.arcgis.com/apps/dashboards/2b0cac7ad3b44cbea449bda319e6a352#GEO_CODE=6001048'>View boundary on map</a>,,6001048
2021,Carcross,,,Employment rate,40,44.8,40,,,,<a target='_blank' href='https://yukon.maps.arcgis.com/apps/dashboards/2b0cac7ad3b44cbea449bda319e6a352#GEO_CODE=6001048'>View boundary on map</a>,,6001048
2021,Carcross,,,Unemployment rate,16,13.3,20,,,,<a target='_blank' href='https://yukon.maps.arcgis.com/apps/dashboards/2b0cac7ad3b44cbea449bda319e6a352#GEO_CODE=6001048'>View boundary on map</a>,,6001048
2021,Carcross 4,,,Total - Population aged 15 years and over by labour force status - 25% sample data,,,,x,x,x,<a target='_blank' href='https://yukon.maps.arcgis.com/apps/dashboards/2b0cac7ad3b44cbea449bda319e6a352#GEO_CODE=6001008'>View boundary on map</a>,<a target='_blank' href='https://community-statistics.service.yukon.ca/pages/census-2021-data-notes#datanote184'>184</a>,6001008
2021,Carcross 4,Total - Population aged 15 years and over by labour force status - 25% sample data,,In the labour force,,,,x,x,x,<a target='_blank' href='https://yukon.maps.arcgis.com/apps/dashboards/2b0cac7ad3b44cbea449bda319e6a352#GEO_CODE=6001008'>View boundary on map</a>,,6001008
2021,Carcross 4,Total - Population aged 15 years and over by labour force status - 25% sample data,In the labour force,Employed,,,,x,x,x,<a target='_blank' href='https://yukon.maps.arcgis.com/apps/dashboards/2b0cac7ad3b44cbea449bda319e6a352#GEO_CODE=6001008'>View boundary on map</a>,,6001008
2021,Carcross 4,Total - Population aged 15 years and over by labour force status - 25% sample data,In the labour force,Unemployed,,,,x,x,x,<a target='_blank' href='https://yukon.maps.arcgis.com/apps/dashboards/2b0cac7ad3b44cbea449bda319e6a352#GEO_CODE=6001008'>View boundary on map</a>,,6001008
2021,Carcross 4,Total - Population aged 15 years and over by labour force status - 25% sample data,,Not in the labour force,,,,x,x,x,<a target='_blank' href='https://yukon.maps.arcgis.com/apps/dashboards/2b0cac7ad3b44cbea449bda319e6a352#GEO_CODE=6001008'>View boundary on map</a>,,6001008
2021,Carcross 4,,,Participation rate,,,,x,x,x,<a target='_blank' href='https://yukon.maps.arcgis.com/apps/dashboards/2b0cac7ad3b44cbea449bda319e6a352#GEO_CODE=6001008'>View boundary on map</a>,,6001008
2021,Carcross 4,,,Employment rate,,,,x,x,x,<a target='_blank' href='https://yukon.maps.arcgis.com/apps/dashboards/2b0cac7ad3b44cbea449bda319e6a352#GEO_CODE=6001008'>View boundary on map</a>,,6001008
2021,Carcross 4,,,Unemployment rate,,,,x,x,x,<a target='_blank' href='https://yukon.maps.arcgis.com/apps/dashboards/2b0cac7ad3b44cbea449bda319e6a352#GEO_CODE=6001008'>View boundary on map</a>,,6001008
2021,Carmacks,,,Total - Population aged 15 years and over by labour force status - 25% sample data,450,235,215,,,,<a target='_blank' href='https://yukon.maps.arcgis.com/apps/dashboards/2b0cac7ad3b44cbea449bda319e6a352#GEO_CODE=6001012'>View boundary on map</a>,<a target='_blank' href='https://community-statistics.service.yukon.ca/pages/census-2021-data-notes#datanote184'>184</a>,6001012
2021,Carmacks,Total - Population aged 15 years and over by labour force status - 25% sample data,,In the labour force,300,135,165,,,,<a target='_blank' href='https://yukon.maps.arcgis.com/apps/dashboards/2b0cac7ad3b44cbea449bda319e6a352#GEO_CODE=6001012'>View boundary on map</a>,,6001012
2021,Carmacks,Total - Population aged 15 years and over by labour force status - 25% sample data,In the labour force,Employed,245,110,140,,,,<a target='_blank' href='https://yukon.maps.arcgis.com/apps/dashboards/2b0cac7ad3b44cbea449bda319e6a352#GEO_CODE=6001012'>View boundary on map</a>,,6001012
2021,Carmacks,Total - Population aged 15 years and over by labour force status - 25% sample data,In the labour force,Unemployed,50,25,25,,,,<a target='_blank' href='https://yukon.maps.arcgis.com/apps/dashboards/2b0cac7ad3b44cbea449bda319e6a352#GEO_CODE=6001012'>View boundary on map</a>,,6001012
2021,Carmacks,Total - Population aged 15 years and over by labour force status - 25% sample data,,Not in the labour force,150,100,55,,,,<a target='_blank' href='https://yukon.maps.arcgis.com/apps/dashboards/2b0cac7ad3b44cbea449bda319e6a352#GEO_CODE=6001012'>View boundary on map</a>,,6001012
2021,Carmacks,,,Participation rate,66.7,57.4,76.7,,,,<a target='_blank' href='https://yukon.maps.arcgis.com/apps/dashboards/2b0cac7ad3b44cbea449bda319e6a352#GEO_CODE=6001012'>View boundary on map</a>,,6001012
2021,Carmacks,,,Employment rate,54.4,46.8,65.1,,,,<a target='_blank' href='https://yukon.maps.arcgis.com/apps/dashboards/2b0cac7ad3b44cbea449bda319e6a352#GEO_CODE=6001012'>View boundary on map</a>,,6001012
2021,Carmacks,,,Unemployment rate,16.7,18.5,15.2,,,,<a target='_blank' href='https://yukon.maps.arcgis.com/apps/dashboards/2b0cac7ad3b44cbea449bda319e6a352#GEO_CODE=6001012'>View boundary on map</a>,,6001012
2021,Champagne Landing 10,,,Total - Population aged 15 years and over by labour force status - 25% sample data,,,,x,x,x,<a target='_blank' href='https://yukon.maps.arcgis.com/apps/dashboards/2b0cac7ad3b44cbea449bda319e6a352#GEO_CODE=6001038'>View boundary on map</a>,<a target='_blank' href='https://community-statistics.service.yukon.ca/pages/census-2021-data-notes#datanote184'>184</a>,6001038
2021,Champagne Landing 10,Total - Population aged 15 years and over by labour force status - 25% sample data,,In the labour force,,,,x,x,x,<a target='_blank' href='https://yukon.maps.arcgis.com/apps/dashboards/2b0cac7ad3b44cbea449bda319e6a352#GEO_CODE=6001038'>View boundary on map</a>,,6001038
2021,Champagne Landing 10,Total - Population aged 15 years and over by labour force status - 25% sample data,In the labour force,Employed,,,,x,x,x,<a target='_blank' href='https://yukon.maps.arcgis.com/apps/dashboards/2b0cac7ad3b44cbea449bda319e6a352#GEO_CODE=6001038'>View boundary on map</a>,,6001038
2021,Champagne Landing 10,Total - Population aged 15 years and over by labour force status - 25% sample data,In the labour force,Unemployed,,,,x,x,x,<a target='_blank' href='https://yukon.maps.arcgis.com/apps/dashboards/2b0cac7ad3b44cbea449bda319e6a352#GEO_CODE=6001038'>View boundary on map</a>,,6001038
2021,Champagne Landing 10,Total - Population aged 15 years and over by labour force status - 25% sample data,,Not in the labour force,,,,x,x,x,<a target='_blank' href='https://yukon.maps.arcgis.com/apps/dashboards/2b0cac7ad3b44cbea449bda319e6a352#GEO_CODE=6001038'>View boundary on map</a>,,6001038
2021,Champagne Landing 10,,,Participation rate,,,,x,x,x,<a target='_blank' href='https://yukon.maps.arcgis.com/apps/dashboards/2b0cac7ad3b44cbea449bda319e6a352#GEO_CODE=6001038'>View boundary on map</a>,,6001038
2021,Champagne Landing 10,,,Employment rate,,,,x,x,x,<a target='_blank' href='https://yukon.maps.arcgis.com/apps/dashboards/2b0cac7ad3b44cbea449bda319e6a352#GEO_CODE=6001038'>View boundary on map</a>,,6001038
2021,Champagne Landing 10,,,Unemployment rate,,,,x,x,x,<a target='_blank' href='https://yukon.maps.arcgis.com/apps/dashboards/2b0cac7ad3b44cbea449bda319e6a352#GEO_CODE=6001038'>View boundary on map</a>,,6001038
2021,Dawson,,,Total - Population aged 15 years and over by labour force status - 25% sample data,1265,655,610,,,,<a target='_blank' href='https://yukon.maps.arcgis.com/apps/dashboards/2b0cac7ad3b44cbea449bda319e6a352#GEO_CODE=6001029'>View boundary on map</a>,<a target='_blank' href='https://community-statistics.service.yukon.ca/pages/census-2021-data-notes#datanote184'>184</a>,6001029
2021,Dawson,Total - Population aged 15 years and over by labour force status - 25% sample data,,In the labour force,1000,525,470,,,,<a target='_blank' href='https://yukon.maps.arcgis.com/apps/dashboards/2b0cac7ad3b44cbea449bda319e6a352#GEO_CODE=6001029'>View boundary on map</a>,,6001029
2021,Dawson,Total - Population aged 15 years and over by labour force status - 25% sample data,In the labour force,Employed,915,495,420,,,,<a target='_blank' href='https://yukon.maps.arcgis.com/apps/dashboards/2b0cac7ad3b44cbea449bda319e6a352#GEO_CODE=6001029'>View boundary on map</a>,,6001029
2021,Dawson,Total - Population aged 15 years and over by labour force status - 25% sample data,In the labour force,Unemployed,90,35,50,,,,<a target='_blank' href='https://yukon.maps.arcgis.com/apps/dashboards/2b0cac7ad3b44cbea449bda319e6a352#GEO_CODE=6001029'>View boundary on map</a>,,6001029
2021,Dawson,Total - Population aged 15 years and over by labour force status - 25% sample data,,Not in the labour force,265,125,140,,,,<a target='_blank' href='https://yukon.maps.arcgis.com/apps/dashboards/2b0cac7ad3b44cbea449bda319e6a352#GEO_CODE=6001029'>View boundary on map</a>,,6001029
2021,Dawson,,,Participation rate,79.1,80.2,77,,,,<a target='_blank' href='https://yukon.maps.arcgis.com/apps/dashboards/2b0cac7ad3b44cbea449bda319e6a352#GEO_CODE=6001029'>View boundary on map</a>,,6001029
2021,Dawson,,,Employment rate,72.3,75.6,68.9,,,,<a target='_blank' href='https://yukon.maps.arcgis.com/apps/dashboards/2b0cac7ad3b44cbea449bda319e6a352#GEO_CODE=6001029'>View boundary on map</a>,,6001029
2021,Dawson,,,Unemployment rate,9,6.7,10.6,,,,<a target='_blank' href='https://yukon.maps.arcgis.com/apps/dashboards/2b0cac7ad3b44cbea449bda319e6a352#GEO_CODE=6001029'>View boundary on map</a>,,6001029
2021,Destruction Bay,,,Total - Population aged 15 years and over by labour force status - 25% sample data,,,,x,x,x,<a target='_blank' href='https://yukon.maps.arcgis.com/apps/dashboards/2b0cac7ad3b44cbea449bda319e6a352#GEO_CODE=6001049'>View boundary on map</a>,<a target='_blank' href='https://community-statistics.service.yukon.ca/pages/census-2021-data-notes#datanote184'>184</a>,6001049
2021,Destruction Bay,Total - Population aged 15 years and over by labour force status - 25% sample data,,In the labour force,,,,x,x,x,<a target='_blank' href='https://yukon.maps.arcgis.com/apps/dashboards/2b0cac7ad3b44cbea449bda319e6a352#GEO_CODE=6001049'>View boundary on map</a>,,6001049
2021,Destruction Bay,Total - Population aged 15 years and over by labour force status - 25% sample data,In the labour force,Employed,,,,x,x,x,<a target='_blank' href='https://yukon.maps.arcgis.com/apps/dashboards/2b0cac7ad3b44cbea449bda319e6a352#GEO_CODE=6001049'>View boundary on map</a>,,6001049
2021,Destruction Bay,Total - Population aged 15 years and over by labour force status - 25% sample data,In the labour force,Unemployed,,,,x,x,x,<a target='_blank' href='https://yukon.maps.arcgis.com/apps/dashboards/2b0cac7ad3b44cbea449bda319e6a352#GEO_CODE=6001049'>View boundary on map</a>,,6001049
2021,Destruction Bay,Total - Population aged 15 years and over by labour force status - 25% sample data,,Not in the labour force,,,,x,x,x,<a target='_blank' href='https://yukon.maps.arcgis.com/apps/dashboards/2b0cac7ad3b44cbea449bda319e6a352#GEO_CODE=6001049'>View boundary on map</a>,,6001049
2021,Destruction Bay,,,Participation rate,,,,x,x,x,<a target='_blank' href='https://yukon.maps.arcgis.com/apps/dashboards/2b0cac7ad3b44cbea449bda319e6a352#GEO_CODE=6001049'>View boundary on map</a>,,6001049
2021,Destruction Bay,,,Employment rate,,,,x,x,x,<a target='_blank' href='https://yukon.maps.arcgis.com/apps/dashboards/2b0cac7ad3b44cbea449bda319e6a352#GEO_CODE=6001049'>View boundary on map</a>,,6001049
2021,Destruction Bay,,,Unemployment rate,,,,x,x,x,<a target='_blank' href='https://yukon.maps.arcgis.com/apps/dashboards/2b0cac7ad3b44cbea449bda319e6a352#GEO_CODE=6001049'>View boundary on map</a>,,6001049
2021,Faro,,,Total - Population aged 15 years and over by labour force status - 25% sample data,350,190,160,,,,<a target='_blank' href='https://yukon.maps.arcgis.com/apps/dashboards/2b0cac7ad3b44cbea449bda319e6a352#GEO_CODE=6001004'>View boundary on map</a>,<a target='_blank' href='https://community-statistics.service.yukon.ca/pages/census-2021-data-notes#datanote184'>184</a>,6001004
2021,Faro,Total - Population aged 15 years and over by labour force status - 25% sample data,,In the labour force,200,105,95,,,,<a target='_blank' href='https://yukon.maps.arcgis.com/apps/dashboards/2b0cac7ad3b44cbea449bda319e6a352#GEO_CODE=6001004'>View boundary on map</a>,,6001004
2021,Faro,Total - Population aged 15 years and over by labour force status - 25% sample data,In the labour force,Employed,180,90,85,,,,<a target='_blank' href='https://yukon.maps.arcgis.com/apps/dashboards/2b0cac7ad3b44cbea449bda319e6a352#GEO_CODE=6001004'>View boundary on map</a>,,6001004
2021,Faro,Total - Population aged 15 years and over by labour force status - 25% sample data,In the labour force,Unemployed,25,20,0,,,,<a target='_blank' href='https://yukon.maps.arcgis.com/apps/dashboards/2b0cac7ad3b44cbea449bda319e6a352#GEO_CODE=6001004'>View boundary on map</a>,,6001004
2021,Faro,Total - Population aged 15 years and over by labour force status - 25% sample data,,Not in the labour force,150,85,65,,,,<a target='_blank' href='https://yukon.maps.arcgis.com/apps/dashboards/2b0cac7ad3b44cbea449bda319e6a352#GEO_CODE=6001004'>View boundary on map</a>,,6001004
2021,Faro,,,Participation rate,57.1,55.3,59.4,,,,<a target='_blank' href='https://yukon.maps.arcgis.com/apps/dashboards/2b0cac7ad3b44cbea449bda319e6a352#GEO_CODE=6001004'>View boundary on map</a>,,6001004
2021,Faro,,,Employment rate,51.4,47.4,53.1,,,,<a target='_blank' href='https://yukon.maps.arcgis.com/apps/dashboards/2b0cac7ad3b44cbea449bda319e6a352#GEO_CODE=6001004'>View boundary on map</a>,,6001004
2021,Faro,,,Unemployment rate,12.5,19,0,,,,<a target='_blank' href='https://yukon.maps.arcgis.com/apps/dashboards/2b0cac7ad3b44cbea449bda319e6a352#GEO_CODE=6001004'>View boundary on map</a>,,6001004
2021,Haines Junction,,,Total - Population aged 15 years and over by labour force status - 25% sample data,555,280,275,,,,<a target='_blank' href='https://yukon.maps.arcgis.com/apps/dashboards/2b0cac7ad3b44cbea449bda319e6a352#GEO_CODE=6001018'>View boundary on map</a>,<a target='_blank' href='https://community-statistics.service.yukon.ca/pages/census-2021-data-notes#datanote184'>184</a>,6001018
2021,Haines Junction,Total - Population aged 15 years and over by labour force status - 25% sample data,,In the labour force,365,180,190,,,,<a target='_blank' href='https://yukon.maps.arcgis.com/apps/dashboards/2b0cac7ad3b44cbea449bda319e6a352#GEO_CODE=6001018'>View boundary on map</a>,,6001018
2021,Haines Junction,Total - Population aged 15 years and over by labour force status - 25% sample data,In the labour force,Employed,315,150,165,,,,<a target='_blank' href='https://yukon.maps.arcgis.com/apps/dashboards/2b0cac7ad3b44cbea449bda319e6a352#GEO_CODE=6001018'>View boundary on map</a>,,6001018
2021,Haines Junction,Total - Population aged 15 years and over by labour force status - 25% sample data,In the labour force,Unemployed,50,30,15,,,,<a target='_blank' href='https://yukon.maps.arcgis.com/apps/dashboards/2b0cac7ad3b44cbea449bda319e6a352#GEO_CODE=6001018'>View boundary on map</a>,,6001018
2021,Haines Junction,Total - Population aged 15 years and over by labour force status - 25% sample data,,Not in the labour force,185,95,85,,,,<a target='_blank' href='https://yukon.maps.arcgis.com/apps/dashboards/2b0cac7ad3b44cbea449bda319e6a352#GEO_CODE=6001018'>View boundary on map</a>,,6001018
2021,Haines Junction,,,Participation rate,65.8,64.3,69.1,,,,<a target='_blank' href='https://yukon.maps.arcgis.com/apps/dashboards/2b0cac7ad3b44cbea449bda319e6a352#GEO_CODE=6001018'>View boundary on map</a>,,6001018
2021,Haines Junction,,,Employment rate,56.8,53.6,60,,,,<a target='_blank' href='https://yukon.maps.arcgis.com/apps/dashboards/2b0cac7ad3b44cbea449bda319e6a352#GEO_CODE=6001018'>View boundary on map</a>,,6001018
2021,Haines Junction,,,Unemployment rate,13.7,16.7,7.9,,,,<a target='_blank' href='https://yukon.maps.arcgis.com/apps/dashboards/2b0cac7ad3b44cbea449bda319e6a352#GEO_CODE=6001018'>View boundary on map</a>,,6001018
2021,Ibex Valley,,,Total - Population aged 15 years and over by labour force status - 25% sample data,460,250,210,,,,<a target='_blank' href='https://yukon.maps.arcgis.com/apps/dashboards/2b0cac7ad3b44cbea449bda319e6a352#GEO_CODE=6001055'>View boundary on map</a>,<a target='_blank' href='https://community-statistics.service.yukon.ca/pages/census-2021-data-notes#datanote184'>184</a>,6001055
2021,Ibex Valley,Total - Population aged 15 years and over by labour force status - 25% sample data,,In the labour force,325,175,150,,,,<a target='_blank' href='https://yukon.maps.arcgis.com/apps/dashboards/2b0cac7ad3b44cbea449bda319e6a352#GEO_CODE=6001055'>View boundary on map</a>,,6001055
2021,Ibex Valley,Total - Population aged 15 years and over by labour force status - 25% sample data,In the labour force,Employed,315,175,140,,,,<a target='_blank' href='https://yukon.maps.arcgis.com/apps/dashboards/2b0cac7ad3b44cbea449bda319e6a352#GEO_CODE=6001055'>View boundary on map</a>,,6001055
2021,Ibex Valley,Total - Population aged 15 years and over by labour force status - 25% sample data,In the labour force,Unemployed,0,0,0,,,,<a target='_blank' href='https://yukon.maps.arcgis.com/apps/dashboards/2b0cac7ad3b44cbea449bda319e6a352#GEO_CODE=6001055'>View boundary on map</a>,,6001055
2021,Ibex Valley,Total - Population aged 15 years and over by labour force status - 25% sample data,,Not in the labour force,135,70,60,,,,<a target='_blank' href='https://yukon.maps.arcgis.com/apps/dashboards/2b0cac7ad3b44cbea449bda319e6a352#GEO_CODE=6001055'>View boundary on map</a>,,6001055
2021,Ibex Valley,,,Participation rate,70.7,70,71.4,,,,<a target='_blank' href='https://yukon.maps.arcgis.com/apps/dashboards/2b0cac7ad3b44cbea449bda319e6a352#GEO_CODE=6001055'>View boundary on map</a>,,6001055
2021,Ibex Valley,,,Employment rate,68.5,70,66.7,,,,<a target='_blank' href='https://yukon.maps.arcgis.com/apps/dashboards/2b0cac7ad3b44cbea449bda319e6a352#GEO_CODE=6001055'>View boundary on map</a>,,6001055
2021,Ibex Valley,,,Unemployment rate,0,0,0,,,,<a target='_blank' href='https://yukon.maps.arcgis.com/apps/dashboards/2b0cac7ad3b44cbea449bda319e6a352#GEO_CODE=6001055'>View boundary on map</a>,,6001055
2021,Johnsons Crossing,,,Total - Population aged 15 years and over by labour force status - 25% sample data,,,,x,x,x,<a target='_blank' href='https://yukon.maps.arcgis.com/apps/dashboards/2b0cac7ad3b44cbea449bda319e6a352#GEO_CODE=6001047'>View boundary on map</a>,<a target='_blank' href='https://community-statistics.service.yukon.ca/pages/census-2021-data-notes#datanote184'>184</a>,6001047
2021,Johnsons Crossing,Total - Population aged 15 years and over by labour force status - 25% sample data,,In the labour force,,,,x,x,x,<a target='_blank' href='https://yukon.maps.arcgis.com/apps/dashboards/2b0cac7ad3b44cbea449bda319e6a352#GEO_CODE=6001047'>View boundary on map</a>,,6001047
2021,Johnsons Crossing,Total - Population aged 15 years and over by labour force status - 25% sample data,In the labour force,Employed,,,,x,x,x,<a target='_blank' href='https://yukon.maps.arcgis.com/apps/dashboards/2b0cac7ad3b44cbea449bda319e6a352#GEO_CODE=6001047'>View boundary on map</a>,,6001047
2021,Johnsons Crossing,Total - Population aged 15 years and over by labour force status - 25% sample data,In the labour force,Unemployed,,,,x,x,x,<a target='_blank' href='https://yukon.maps.arcgis.com/apps/dashboards/2b0cac7ad3b44cbea449bda319e6a352#GEO_CODE=6001047'>View boundary on map</a>,,6001047
2021,Johnsons Crossing,Total - Population aged 15 years and over by labour force status - 25% sample data,,Not in the labour force,,,,x,x,x,<a target='_blank' href='https://yukon.maps.arcgis.com/apps/dashboards/2b0cac7ad3b44cbea449bda319e6a352#GEO_CODE=6001047'>View boundary on map</a>,,6001047
2021,Johnsons Crossing,,,Participation rate,,,,x,x,x,<a target='_blank' href='https://yukon.maps.arcgis.com/apps/dashboards/2b0cac7ad3b44cbea449bda319e6a352#GEO_CODE=6001047'>View boundary on map</a>,,6001047
2021,Johnsons Crossing,,,Employment rate,,,,x,x,x,<a target='_blank' href='https://yukon.maps.arcgis.com/apps/dashboards/2b0cac7ad3b44cbea449bda319e6a352#GEO_CODE=6001047'>View boundary on map</a>,,6001047
2021,Johnsons Crossing,,,Unemployment rate,,,,x,x,x,<a target='_blank' href='https://yukon.maps.arcgis.com/apps/dashboards/2b0cac7ad3b44cbea449bda319e6a352#GEO_CODE=6001047'>View boundary on map</a>,,6001047
2021,Keno Hill,,,Total - Population aged 15 years and over by labour force status - 25% sample data,,,,x,x,x,<a target='_blank' href='https://yukon.maps.arcgis.com/apps/dashboards/2b0cac7ad3b44cbea449bda319e6a352#GEO_CODE=6001052'>View boundary on map</a>,<a target='_blank' href='https://community-statistics.service.yukon.ca/pages/census-2021-data-notes#datanote184'>184</a>,6001052
2021,Keno Hill,Total - Population aged 15 years and over by labour force status - 25% sample data,,In the labour force,,,,x,x,x,<a target='_blank' href='https://yukon.maps.arcgis.com/apps/dashboards/2b0cac7ad3b44cbea449bda319e6a352#GEO_CODE=6001052'>View boundary on map</a>,,6001052
2021,Keno Hill,Total - Population aged 15 years and over by labour force status - 25% sample data,In the labour force,Employed,,,,x,x,x,<a target='_blank' href='https://yukon.maps.arcgis.com/apps/dashboards/2b0cac7ad3b44cbea449bda319e6a352#GEO_CODE=6001052'>View boundary on map</a>,,6001052
2021,Keno Hill,Total - Population aged 15 years and over by labour force status - 25% sample data,In the labour force,Unemployed,,,,x,x,x,<a target='_blank' href='https://yukon.maps.arcgis.com/apps/dashboards/2b0cac7ad3b44cbea449bda319e6a352#GEO_CODE=6001052'>View boundary on map</a>,,6001052
2021,Keno Hill,Total - Population aged 15 years and over by labour force status - 25% sample data,,Not in the labour force,,,,x,x,x,<a target='_blank' href='https://yukon.maps.arcgis.com/apps/dashboards/2b0cac7ad3b44cbea449bda319e6a352#GEO_CODE=6001052'>View boundary on map</a>,,6001052
2021,Keno Hill,,,Participation rate,,,,x,x,x,<a target='_blank' href='https://yukon.maps.arcgis.com/apps/dashboards/2b0cac7ad3b44cbea449bda319e6a352#GEO_CODE=6001052'>View boundary on map</a>,,6001052
2021,Keno Hill,,,Employment rate,,,,x,x,x,<a target='_blank' href='https://yukon.maps.arcgis.com/apps/dashboards/2b0cac7ad3b44cbea449bda319e6a352#GEO_CODE=6001052'>View boundary on map</a>,,6001052
2021,Keno Hill,,,Unemployment rate,,,,x,x,x,<a target='_blank' href='https://yukon.maps.arcgis.com/apps/dashboards/2b0cac7ad3b44cbea449bda319e6a352#GEO_CODE=6001052'>View boundary on map</a>,,6001052
2021,Kloo Lake,,,Total - Population aged 15 years and over by labour force status - 25% sample data,,,,x,x,x,<a target='_blank' href='https://yukon.maps.arcgis.com/apps/dashboards/2b0cac7ad3b44cbea449bda319e6a352#GEO_CODE=6001019'>View boundary on map</a>,<a target='_blank' href='https://community-statistics.service.yukon.ca/pages/census-2021-data-notes#datanote184'>184</a>,6001019
2021,Kloo Lake,Total - Population aged 15 years and over by labour force status - 25% sample data,,In the labour force,,,,x,x,x,<a target='_blank' href='https://yukon.maps.arcgis.com/apps/dashboards/2b0cac7ad3b44cbea449bda319e6a352#GEO_CODE=6001019'>View boundary on map</a>,,6001019
2021,Kloo Lake,Total - Population aged 15 years and over by labour force status - 25% sample data,In the labour force,Employed,,,,x,x,x,<a target='_blank' href='https://yukon.maps.arcgis.com/apps/dashboards/2b0cac7ad3b44cbea449bda319e6a352#GEO_CODE=6001019'>View boundary on map</a>,,6001019
2021,Kloo Lake,Total - Population aged 15 years and over by labour force status - 25% sample data,In the labour force,Unemployed,,,,x,x,x,<a target='_blank' href='https://yukon.maps.arcgis.com/apps/dashboards/2b0cac7ad3b44cbea449bda319e6a352#GEO_CODE=6001019'>View boundary on map</a>,,6001019
2021,Kloo Lake,Total - Population aged 15 years and over by labour force status - 25% sample data,,Not in the labour force,,,,x,x,x,<a target='_blank' href='https://yukon.maps.arcgis.com/apps/dashboards/2b0cac7ad3b44cbea449bda319e6a352#GEO_CODE=6001019'>View boundary on map</a>,,6001019
2021,Kloo Lake,,,Participation rate,,,,x,x,x,<a target='_blank' href='https://yukon.maps.arcgis.com/apps/dashboards/2b0cac7ad3b44cbea449bda319e6a352#GEO_CODE=6001019'>View boundary on map</a>,,6001019
2021,Kloo Lake,,,Employment rate,,,,x,x,x,<a target='_blank' href='https://yukon.maps.arcgis.com/apps/dashboards/2b0cac7ad3b44cbea449bda319e6a352#GEO_CODE=6001019'>View boundary on map</a>,,6001019
2021,Kloo Lake,,,Unemployment rate,,,,x,x,x,<a target='_blank' href='https://yukon.maps.arcgis.com/apps/dashboards/2b0cac7ad3b44cbea449bda319e6a352#GEO_CODE=6001019'>View boundary on map</a>,,6001019
2021,Lake Laberge 1,,,Total - Population aged 15 years and over by labour force status - 25% sample data,,,,x,x,x,<a target='_blank' href='https://yukon.maps.arcgis.com/apps/dashboards/2b0cac7ad3b44cbea449bda319e6a352#GEO_CODE=6001010'>View boundary on map</a>,<a target='_blank' href='https://community-statistics.service.yukon.ca/pages/census-2021-data-notes#datanote184'>184</a>,6001010
2021,Lake Laberge 1,Total - Population aged 15 years and over by labour force status - 25% sample data,,In the labour force,,,,x,x,x,<a target='_blank' href='https://yukon.maps.arcgis.com/apps/dashboards/2b0cac7ad3b44cbea449bda319e6a352#GEO_CODE=6001010'>View boundary on map</a>,,6001010
2021,Lake Laberge 1,Total - Population aged 15 years and over by labour force status - 25% sample data,In the labour force,Employed,,,,x,x,x,<a target='_blank' href='https://yukon.maps.arcgis.com/apps/dashboards/2b0cac7ad3b44cbea449bda319e6a352#GEO_CODE=6001010'>View boundary on map</a>,,6001010
2021,Lake Laberge 1,Total - Population aged 15 years and over by labour force status - 25% sample data,In the labour force,Unemployed,,,,x,x,x,<a target='_blank' href='https://yukon.maps.arcgis.com/apps/dashboards/2b0cac7ad3b44cbea449bda319e6a352#GEO_CODE=6001010'>View boundary on map</a>,,6001010
2021,Lake Laberge 1,Total - Population aged 15 years and over by labour force status - 25% sample data,,Not in the labour force,,,,x,x,x,<a target='_blank' href='https://yukon.maps.arcgis.com/apps/dashboards/2b0cac7ad3b44cbea449bda319e6a352#GEO_CODE=6001010'>View boundary on map</a>,,6001010
2021,Lake Laberge 1,,,Participation rate,,,,x,x,x,<a target='_blank' href='https://yukon.maps.arcgis.com/apps/dashboards/2b0cac7ad3b44cbea449bda319e6a352#GEO_CODE=6001010'>View boundary on map</a>,,6001010
2021,Lake Laberge 1,,,Employment rate,,,,x,x,x,<a target='_blank' href='https://yukon.maps.arcgis.com/apps/dashboards/2b0cac7ad3b44cbea449bda319e6a352#GEO_CODE=6001010'>View boundary on map</a>,,6001010
2021,Lake Laberge 1,,,Unemployment rate,,,,x,x,x,<a target='_blank' href='https://yukon.maps.arcgis.com/apps/dashboards/2b0cac7ad3b44cbea449bda319e6a352#GEO_CODE=6001010'>View boundary on map</a>,,6001010
2021,Macpherson-Grizzly Valley,,,Total - Population aged 15 years and over by labour force status - 25% sample data,1310,655,655,,,,<a target='_blank' href='https://yukon.maps.arcgis.com/apps/dashboards/2b0cac7ad3b44cbea449bda319e6a352#GEO_CODE=6001059'>View boundary on map</a>,<a target='_blank' href='https://community-statistics.service.yukon.ca/pages/census-2021-data-notes#datanote184'>184</a>,6001059
2021,Macpherson-Grizzly Valley,Total - Population aged 15 years and over by labour force status - 25% sample data,,In the labour force,915,445,475,,,,<a target='_blank' href='https://yukon.maps.arcgis.com/apps/dashboards/2b0cac7ad3b44cbea449bda319e6a352#GEO_CODE=6001059'>View boundary on map</a>,,6001059
2021,Macpherson-Grizzly Valley,Total - Population aged 15 years and over by labour force status - 25% sample data,In the labour force,Employed,880,420,460,,,,<a target='_blank' href='https://yukon.maps.arcgis.com/apps/dashboards/2b0cac7ad3b44cbea449bda319e6a352#GEO_CODE=6001059'>View boundary on map</a>,,6001059
2021,Macpherson-Grizzly Valley,Total - Population aged 15 years and over by labour force status - 25% sample data,In the labour force,Unemployed,35,25,20,,,,<a target='_blank' href='https://yukon.maps.arcgis.com/apps/dashboards/2b0cac7ad3b44cbea449bda319e6a352#GEO_CODE=6001059'>View boundary on map</a>,,6001059
2021,Macpherson-Grizzly Valley,Total - Population aged 15 years and over by labour force status - 25% sample data,,Not in the labour force,390,210,180,,,,<a target='_blank' href='https://yukon.maps.arcgis.com/apps/dashboards/2b0cac7ad3b44cbea449bda319e6a352#GEO_CODE=6001059'>View boundary on map</a>,,6001059
2021,Macpherson-Grizzly Valley,,,Participation rate,69.8,67.9,72.5,,,,<a target='_blank' href='https://yukon.maps.arcgis.com/apps/dashboards/2b0cac7ad3b44cbea449bda319e6a352#GEO_CODE=6001059'>View boundary on map</a>,,6001059
2021,Macpherson-Grizzly Valley,,,Employment rate,67.2,64.1,70.2,,,,<a target='_blank' href='https://yukon.maps.arcgis.com/apps/dashboards/2b0cac7ad3b44cbea449bda319e6a352#GEO_CODE=6001059'>View boundary on map</a>,,6001059
2021,Macpherson-Grizzly Valley,,,Unemployment rate,3.8,5.6,4.2,,,,<a target='_blank' href='https://yukon.maps.arcgis.com/apps/dashboards/2b0cac7ad3b44cbea449bda319e6a352#GEO_CODE=6001059'>View boundary on map</a>,,6001059
2021,Marsh Lake,,,Total - Population aged 15 years and over by labour force status - 25% sample data,690,385,310,,,,<a target='_blank' href='https://yukon.maps.arcgis.com/apps/dashboards/2b0cac7ad3b44cbea449bda319e6a352#GEO_CODE=6001058'>View boundary on map</a>,<a target='_blank' href='https://community-statistics.service.yukon.ca/pages/census-2021-data-notes#datanote184'>184</a>,6001058
2021,Marsh Lake,Total - Population aged 15 years and over by labour force status - 25% sample data,,In the labour force,460,255,210,,,,<a target='_blank' href='https://yukon.maps.arcgis.com/apps/dashboards/2b0cac7ad3b44cbea449bda319e6a352#GEO_CODE=6001058'>View boundary on map</a>,,6001058
2021,Marsh Lake,Total - Population aged 15 years and over by labour force status - 25% sample data,In the labour force,Employed,445,245,200,,,,<a target='_blank' href='https://yukon.maps.arcgis.com/apps/dashboards/2b0cac7ad3b44cbea449bda319e6a352#GEO_CODE=6001058'>View boundary on map</a>,,6001058
2021,Marsh Lake,Total - Population aged 15 years and over by labour force status - 25% sample data,In the labour force,Unemployed,20,10,0,,,,<a target='_blank' href='https://yukon.maps.arcgis.com/apps/dashboards/2b0cac7ad3b44cbea449bda319e6a352#GEO_CODE=6001058'>View boundary on map</a>,,6001058
2021,Marsh Lake,Total - Population aged 15 years and over by labour force status - 25% sample data,,Not in the labour force,230,130,100,,,,<a target='_blank' href='https://yukon.maps.arcgis.com/apps/dashboards/2b0cac7ad3b44cbea449bda319e6a352#GEO_CODE=6001058'>View boundary on map</a>,,6001058
2021,Marsh Lake,,,Participation rate,66.7,66.2,67.7,,,,<a target='_blank' href='https://yukon.maps.arcgis.com/apps/dashboards/2b0cac7ad3b44cbea449bda319e6a352#GEO_CODE=6001058'>View boundary on map</a>,,6001058
2021,Marsh Lake,,,Employment rate,64.5,63.6,64.5,,,,<a target='_blank' href='https://yukon.maps.arcgis.com/apps/dashboards/2b0cac7ad3b44cbea449bda319e6a352#GEO_CODE=6001058'>View boundary on map</a>,,6001058
2021,Marsh Lake,,,Unemployment rate,4.3,3.9,0,,,,<a target='_blank' href='https://yukon.maps.arcgis.com/apps/dashboards/2b0cac7ad3b44cbea449bda319e6a352#GEO_CODE=6001058'>View boundary on map</a>,,6001058
2021,Mayo,,,Total - Population aged 15 years and over by labour force status - 25% sample data,165,80,80,,,,<a target='_blank' href='https://yukon.maps.arcgis.com/apps/dashboards/2b0cac7ad3b44cbea449bda319e6a352#GEO_CODE=6001022'>View boundary on map</a>,<a target='_blank' href='https://community-statistics.service.yukon.ca/pages/census-2021-data-notes#datanote184'>184</a>,6001022
2021,Mayo,Total - Population aged 15 years and over by labour force status - 25% sample data,,In the labour force,110,55,50,,,,<a target='_blank' href='https://yukon.maps.arcgis.com/apps/dashboards/2b0cac7ad3b44cbea449bda319e6a352#GEO_CODE=6001022'>View boundary on map</a>,,6001022
2021,Mayo,Total - Population aged 15 years and over by labour force status - 25% sample data,In the labour force,Employed,95,50,50,,,,<a target='_blank' href='https://yukon.maps.arcgis.com/apps/dashboards/2b0cac7ad3b44cbea449bda319e6a352#GEO_CODE=6001022'>View boundary on map</a>,,6001022
2021,Mayo,Total - Population aged 15 years and over by labour force status - 25% sample data,In the labour force,Unemployed,10,10,10,,,,<a target='_blank' href='https://yukon.maps.arcgis.com/apps/dashboards/2b0cac7ad3b44cbea449bda319e6a352#GEO_CODE=6001022'>View boundary on map</a>,,6001022
2021,Mayo,Total - Population aged 15 years and over by labour force status - 25% sample data,,Not in the labour force,55,25,30,,,,<a target='_blank' href='https://yukon.maps.arcgis.com/apps/dashboards/2b0cac7ad3b44cbea449bda319e6a352#GEO_CODE=6001022'>View boundary on map</a>,,6001022
2021,Mayo,,,Participation rate,66.7,68.8,62.5,,,,<a target='_blank' href='https://yukon.maps.arcgis.com/apps/dashboards/2b0cac7ad3b44cbea449bda319e6a352#GEO_CODE=6001022'>View boundary on map</a>,,6001022
2021,Mayo,,,Employment rate,57.6,62.5,62.5,,,,<a target='_blank' href='https://yukon.maps.arcgis.com/apps/dashboards/2b0cac7ad3b44cbea449bda319e6a352#GEO_CODE=6001022'>View boundary on map</a>,,6001022
2021,Mayo,,,Unemployment rate,9.1,18.2,20,,,,<a target='_blank' href='https://yukon.maps.arcgis.com/apps/dashboards/2b0cac7ad3b44cbea449bda319e6a352#GEO_CODE=6001022'>View boundary on map</a>,,6001022
2021,Moosehide Creek 2,,,Total - Population aged 15 years and over by labour force status - 25% sample data,,,,x,x,x,<a target='_blank' href='https://yukon.maps.arcgis.com/apps/dashboards/2b0cac7ad3b44cbea449bda319e6a352#GEO_CODE=6001031'>View boundary on map</a>,<a target='_blank' href='https://community-statistics.service.yukon.ca/pages/census-2021-data-notes#datanote184'>184</a>,6001031
2021,Moosehide Creek 2,Total - Population aged 15 years and over by labour force status - 25% sample data,,In the labour force,,,,x,x,x,<a target='_blank' href='https://yukon.maps.arcgis.com/apps/dashboards/2b0cac7ad3b44cbea449bda319e6a352#GEO_CODE=6001031'>View boundary on map</a>,,6001031
2021,Moosehide Creek 2,Total - Population aged 15 years and over by labour force status - 25% sample data,In the labour force,Employed,,,,x,x,x,<a target='_blank' href='https://yukon.maps.arcgis.com/apps/dashboards/2b0cac7ad3b44cbea449bda319e6a352#GEO_CODE=6001031'>View boundary on map</a>,,6001031
2021,Moosehide Creek 2,Total - Population aged 15 years and over by labour force status - 25% sample data,In the labour force,Unemployed,,,,x,x,x,<a target='_blank' href='https://yukon.maps.arcgis.com/apps/dashboards/2b0cac7ad3b44cbea449bda319e6a352#GEO_CODE=6001031'>View boundary on map</a>,,6001031
2021,Moosehide Creek 2,Total - Population aged 15 years and over by labour force status - 25% sample data,,Not in the labour force,,,,x,x,x,<a target='_blank' href='https://yukon.maps.arcgis.com/apps/dashboards/2b0cac7ad3b44cbea449bda319e6a352#GEO_CODE=6001031'>View boundary on map</a>,,6001031
2021,Moosehide Creek 2,,,Participation rate,,,,x,x,x,<a target='_blank' href='https://yukon.maps.arcgis.com/apps/dashboards/2b0cac7ad3b44cbea449bda319e6a352#GEO_CODE=6001031'>View boundary on map</a>,,6001031
2021,Moosehide Creek 2,,,Employment rate,,,,x,x,x,<a target='_blank' href='https://yukon.maps.arcgis.com/apps/dashboards/2b0cac7ad3b44cbea449bda319e6a352#GEO_CODE=6001031'>View boundary on map</a>,,6001031
2021,Moosehide Creek 2,,,Unemployment rate,,,,x,x,x,<a target='_blank' href='https://yukon.maps.arcgis.com/apps/dashboards/2b0cac7ad3b44cbea449bda319e6a352#GEO_CODE=6001031'>View boundary on map</a>,,6001031
2021,Mt. Lorne,,,Total - Population aged 15 years and over by labour force status - 25% sample data,405,195,205,,,,<a target='_blank' href='https://yukon.maps.arcgis.com/apps/dashboards/2b0cac7ad3b44cbea449bda319e6a352#GEO_CODE=6001044'>View boundary on map</a>,<a target='_blank' href='https://community-statistics.service.yukon.ca/pages/census-2021-data-notes#datanote184'>184</a>,6001044
2021,Mt. Lorne,Total - Population aged 15 years and over by labour force status - 25% sample data,,In the labour force,265,105,160,,,,<a target='_blank' href='https://yukon.maps.arcgis.com/apps/dashboards/2b0cac7ad3b44cbea449bda319e6a352#GEO_CODE=6001044'>View boundary on map</a>,,6001044
2021,Mt. Lorne,Total - Population aged 15 years and over by labour force status - 25% sample data,In the labour force,Employed,260,105,160,,,,<a target='_blank' href='https://yukon.maps.arcgis.com/apps/dashboards/2b0cac7ad3b44cbea449bda319e6a352#GEO_CODE=6001044'>View boundary on map</a>,,6001044
2021,Mt. Lorne,Total - Population aged 15 years and over by labour force status - 25% sample data,In the labour force,Unemployed,0,0,0,,,,<a target='_blank' href='https://yukon.maps.arcgis.com/apps/dashboards/2b0cac7ad3b44cbea449bda319e6a352#GEO_CODE=6001044'>View boundary on map</a>,,6001044
2021,Mt. Lorne,Total - Population aged 15 years and over by labour force status - 25% sample data,,Not in the labour force,135,90,45,,,,<a target='_blank' href='https://yukon.maps.arcgis.com/apps/dashboards/2b0cac7ad3b44cbea449bda319e6a352#GEO_CODE=6001044'>View boundary on map</a>,,6001044
2021,Mt. Lorne,,,Participation rate,65.4,53.8,78,,,,<a target='_blank' href='https://yukon.maps.arcgis.com/apps/dashboards/2b0cac7ad3b44cbea449bda319e6a352#GEO_CODE=6001044'>View boundary on map</a>,,6001044
2021,Mt. Lorne,,,Employment rate,64.2,53.8,78,,,,<a target='_blank' href='https://yukon.maps.arcgis.com/apps/dashboards/2b0cac7ad3b44cbea449bda319e6a352#GEO_CODE=6001044'>View boundary on map</a>,,6001044
2021,Mt. Lorne,,,Unemployment rate,0,0,0,,,,<a target='_blank' href='https://yukon.maps.arcgis.com/apps/dashboards/2b0cac7ad3b44cbea449bda319e6a352#GEO_CODE=6001044'>View boundary on map</a>,,6001044
2021,North Slope - Unorganized,,,Total - Population aged 15 years and over by labour force status - 25% sample data,,,,x,x,x,<a target='_blank' href='https://yukon.maps.arcgis.com/apps/dashboards/2b0cac7ad3b44cbea449bda319e6a352#GEO_CODE=6001065'>View boundary on map</a>,<a target='_blank' href='https://community-statistics.service.yukon.ca/pages/census-2021-data-notes#datanote184'>184</a>,6001065
2021,North Slope - Unorganized,Total - Population aged 15 years and over by labour force status - 25% sample data,,In the labour force,,,,x,x,x,<a target='_blank' href='https://yukon.maps.arcgis.com/apps/dashboards/2b0cac7ad3b44cbea449bda319e6a352#GEO_CODE=6001065'>View boundary on map</a>,,6001065
2021,North Slope - Unorganized,Total - Population aged 15 years and over by labour force status - 25% sample data,In the labour force,Employed,,,,x,x,x,<a target='_blank' href='https://yukon.maps.arcgis.com/apps/dashboards/2b0cac7ad3b44cbea449bda319e6a352#GEO_CODE=6001065'>View boundary on map</a>,,6001065
2021,North Slope - Unorganized,Total - Population aged 15 years and over by labour force status - 25% sample data,In the labour force,Unemployed,,,,x,x,x,<a target='_blank' href='https://yukon.maps.arcgis.com/apps/dashboards/2b0cac7ad3b44cbea449bda319e6a352#GEO_CODE=6001065'>View boundary on map</a>,,6001065
2021,North Slope - Unorganized,Total - Population aged 15 years and over by labour force status - 25% sample data,,Not in the labour force,,,,x,x,x,<a target='_blank' href='https://yukon.maps.arcgis.com/apps/dashboards/2b0cac7ad3b44cbea449bda319e6a352#GEO_CODE=6001065'>View boundary on map</a>,,6001065
2021,North Slope - Unorganized,,,Participation rate,,,,x,x,x,<a target='_blank' href='https://yukon.maps.arcgis.com/apps/dashboards/2b0cac7ad3b44cbea449bda319e6a352#GEO_CODE=6001065'>View boundary on map</a>,,6001065
2021,North Slope - Unorganized,,,Employment rate,,,,x,x,x,<a target='_blank' href='https://yukon.maps.arcgis.com/apps/dashboards/2b0cac7ad3b44cbea449bda319e6a352#GEO_CODE=6001065'>View boundary on map</a>,,6001065
2021,North Slope - Unorganized,,,Unemployment rate,,,,x,x,x,<a target='_blank' href='https://yukon.maps.arcgis.com/apps/dashboards/2b0cac7ad3b44cbea449bda319e6a352#GEO_CODE=6001065'>View boundary on map</a>,,6001065
2021,Old Crow,,,Total - Population aged 15 years and over by labour force status - 25% sample data,195,95,100,,,,<a target='_blank' href='https://yukon.maps.arcgis.com/apps/dashboards/2b0cac7ad3b44cbea449bda319e6a352#GEO_CODE=6001043'>View boundary on map</a>,<a target='_blank' href='https://community-statistics.service.yukon.ca/pages/census-2021-data-notes#datanote184'>184</a>,6001043
2021,Old Crow,Total - Population aged 15 years and over by labour force status - 25% sample data,,In the labour force,120,55,65,,,,<a target='_blank' href='https://yukon.maps.arcgis.com/apps/dashboards/2b0cac7ad3b44cbea449bda319e6a352#GEO_CODE=6001043'>View boundary on map</a>,,6001043
2021,Old Crow,Total - Population aged 15 years and over by labour force status - 25% sample data,In the labour force,Employed,100,50,50,,,,<a target='_blank' href='https://yukon.maps.arcgis.com/apps/dashboards/2b0cac7ad3b44cbea449bda319e6a352#GEO_CODE=6001043'>View boundary on map</a>,,6001043
2021,Old Crow,Total - Population aged 15 years and over by labour force status - 25% sample data,In the labour force,Unemployed,20,10,15,,,,<a target='_blank' href='https://yukon.maps.arcgis.com/apps/dashboards/2b0cac7ad3b44cbea449bda319e6a352#GEO_CODE=6001043'>View boundary on map</a>,,6001043
2021,Old Crow,Total - Population aged 15 years and over by labour force status - 25% sample data,,Not in the labour force,75,40,35,,,,<a target='_blank' href='https://yukon.maps.arcgis.com/apps/dashboards/2b0cac7ad3b44cbea449bda319e6a352#GEO_CODE=6001043'>View boundary on map</a>,,6001043
2021,Old Crow,,,Participation rate,61.5,57.9,65,,,,<a target='_blank' href='https://yukon.maps.arcgis.com/apps/dashboards/2b0cac7ad3b44cbea449bda319e6a352#GEO_CODE=6001043'>View boundary on map</a>,,6001043
2021,Old Crow,,,Employment rate,51.3,52.6,50,,,,<a target='_blank' href='https://yukon.maps.arcgis.com/apps/dashboards/2b0cac7ad3b44cbea449bda319e6a352#GEO_CODE=6001043'>View boundary on map</a>,,6001043
2021,Old Crow,,,Unemployment rate,16.7,18.2,23.1,,,,<a target='_blank' href='https://yukon.maps.arcgis.com/apps/dashboards/2b0cac7ad3b44cbea449bda319e6a352#GEO_CODE=6001043'>View boundary on map</a>,,6001043
2021,Pelly Crossing,,,Total - Population aged 15 years and over by labour force status - 25% sample data,245,110,130,,,,<a target='_blank' href='https://yukon.maps.arcgis.com/apps/dashboards/2b0cac7ad3b44cbea449bda319e6a352#GEO_CODE=6001041'>View boundary on map</a>,<a target='_blank' href='https://community-statistics.service.yukon.ca/pages/census-2021-data-notes#datanote184'>184</a>,6001041
2021,Pelly Crossing,Total - Population aged 15 years and over by labour force status - 25% sample data,,In the labour force,160,70,90,,,,<a target='_blank' href='https://yukon.maps.arcgis.com/apps/dashboards/2b0cac7ad3b44cbea449bda319e6a352#GEO_CODE=6001041'>View boundary on map</a>,,6001041
2021,Pelly Crossing,Total - Population aged 15 years and over by labour force status - 25% sample data,In the labour force,Employed,120,45,75,,,,<a target='_blank' href='https://yukon.maps.arcgis.com/apps/dashboards/2b0cac7ad3b44cbea449bda319e6a352#GEO_CODE=6001041'>View boundary on map</a>,,6001041
2021,Pelly Crossing,Total - Population aged 15 years and over by labour force status - 25% sample data,In the labour force,Unemployed,40,20,20,,,,<a target='_blank' href='https://yukon.maps.arcgis.com/apps/dashboards/2b0cac7ad3b44cbea449bda319e6a352#GEO_CODE=6001041'>View boundary on map</a>,,6001041
2021,Pelly Crossing,Total - Population aged 15 years and over by labour force status - 25% sample data,,Not in the labour force,85,40,45,,,,<a target='_blank' href='https://yukon.maps.arcgis.com/apps/dashboards/2b0cac7ad3b44cbea449bda319e6a352#GEO_CODE=6001041'>View boundary on map</a>,,6001041
2021,Pelly Crossing,,,Participation rate,65.3,63.6,69.2,,,,<a target='_blank' href='https://yukon.maps.arcgis.com/apps/dashboards/2b0cac7ad3b44cbea449bda319e6a352#GEO_CODE=6001041'>View boundary on map</a>,,6001041
2021,Pelly Crossing,,,Employment rate,49,40.9,57.7,,,,<a target='_blank' href='https://yukon.maps.arcgis.com/apps/dashboards/2b0cac7ad3b44cbea449bda319e6a352#GEO_CODE=6001041'>View boundary on map</a>,,6001041
2021,Pelly Crossing,,,Unemployment rate,25,28.6,22.2,,,,<a target='_blank' href='https://yukon.maps.arcgis.com/apps/dashboards/2b0cac7ad3b44cbea449bda319e6a352#GEO_CODE=6001041'>View boundary on map</a>,,6001041
2021,Ross River,,,Total - Population aged 15 years and over by labour force status - 25% sample data,295,160,130,,,,<a target='_blank' href='https://yukon.maps.arcgis.com/apps/dashboards/2b0cac7ad3b44cbea449bda319e6a352#GEO_CODE=6001037'>View boundary on map</a>,<a target='_blank' href='https://community-statistics.service.yukon.ca/pages/census-2021-data-notes#datanote184'>184</a>,6001037
2021,Ross River,Total - Population aged 15 years and over by labour force status - 25% sample data,,In the labour force,160,85,75,,,,<a target='_blank' href='https://yukon.maps.arcgis.com/apps/dashboards/2b0cac7ad3b44cbea449bda319e6a352#GEO_CODE=6001037'>View boundary on map</a>,,6001037
2021,Ross River,Total - Population aged 15 years and over by labour force status - 25% sample data,In the labour force,Employed,135,75,60,,,,<a target='_blank' href='https://yukon.maps.arcgis.com/apps/dashboards/2b0cac7ad3b44cbea449bda319e6a352#GEO_CODE=6001037'>View boundary on map</a>,,6001037
2021,Ross River,Total - Population aged 15 years and over by labour force status - 25% sample data,In the labour force,Unemployed,25,15,15,,,,<a target='_blank' href='https://yukon.maps.arcgis.com/apps/dashboards/2b0cac7ad3b44cbea449bda319e6a352#GEO_CODE=6001037'>View boundary on map</a>,,6001037
2021,Ross River,Total - Population aged 15 years and over by labour force status - 25% sample data,,Not in the labour force,135,70,60,,,,<a target='_blank' href='https://yukon.maps.arcgis.com/apps/dashboards/2b0cac7ad3b44cbea449bda319e6a352#GEO_CODE=6001037'>View boundary on map</a>,,6001037
2021,Ross River,,,Participation rate,54.2,53.1,57.7,,,,<a target='_blank' href='https://yukon.maps.arcgis.com/apps/dashboards/2b0cac7ad3b44cbea449bda319e6a352#GEO_CODE=6001037'>View boundary on map</a>,,6001037
2021,Ross River,,,Employment rate,45.8,46.9,46.2,,,,<a target='_blank' href='https://yukon.maps.arcgis.com/apps/dashboards/2b0cac7ad3b44cbea449bda319e6a352#GEO_CODE=6001037'>View boundary on map</a>,,6001037
2021,Ross River,,,Unemployment rate,15.6,17.6,20,,,,<a target='_blank' href='https://yukon.maps.arcgis.com/apps/dashboards/2b0cac7ad3b44cbea449bda319e6a352#GEO_CODE=6001037'>View boundary on map</a>,,6001037
2021,Stewart Crossing,,,Total - Population aged 15 years and over by labour force status - 25% sample data,,,,x,x,x,<a target='_blank' href='https://yukon.maps.arcgis.com/apps/dashboards/2b0cac7ad3b44cbea449bda319e6a352#GEO_CODE=6001050'>View boundary on map</a>,<a target='_blank' href='https://community-statistics.service.yukon.ca/pages/census-2021-data-notes#datanote184'>184</a>,6001050
2021,Stewart Crossing,Total - Population aged 15 years and over by labour force status - 25% sample data,,In the labour force,,,,x,x,x,<a target='_blank' href='https://yukon.maps.arcgis.com/apps/dashboards/2b0cac7ad3b44cbea449bda319e6a352#GEO_CODE=6001050'>View boundary on map</a>,,6001050
2021,Stewart Crossing,Total - Population aged 15 years and over by labour force status - 25% sample data,In the labour force,Employed,,,,x,x,x,<a target='_blank' href='https://yukon.maps.arcgis.com/apps/dashboards/2b0cac7ad3b44cbea449bda319e6a352#GEO_CODE=6001050'>View boundary on map</a>,,6001050
2021,Stewart Crossing,Total - Population aged 15 years and over by labour force status - 25% sample data,In the labour force,Unemployed,,,,x,x,x,<a target='_blank' href='https://yukon.maps.arcgis.com/apps/dashboards/2b0cac7ad3b44cbea449bda319e6a352#GEO_CODE=6001050'>View boundary on map</a>,,6001050
2021,Stewart Crossing,Total - Population aged 15 years and over by labour force status - 25% sample data,,Not in the labour force,,,,x,x,x,<a target='_blank' href='https://yukon.maps.arcgis.com/apps/dashboards/2b0cac7ad3b44cbea449bda319e6a352#GEO_CODE=6001050'>View boundary on map</a>,,6001050
2021,Stewart Crossing,,,Participation rate,,,,x,x,x,<a target='_blank' href='https://yukon.maps.arcgis.com/apps/dashboards/2b0cac7ad3b44cbea449bda319e6a352#GEO_CODE=6001050'>View boundary on map</a>,,6001050
2021,Stewart Crossing,,,Employment rate,,,,x,x,x,<a target='_blank' href='https://yukon.maps.arcgis.com/apps/dashboards/2b0cac7ad3b44cbea449bda319e6a352#GEO_CODE=6001050'>View boundary on map</a>,,6001050
2021,Stewart Crossing,,,Unemployment rate,,,,x,x,x,<a target='_blank' href='https://yukon.maps.arcgis.com/apps/dashboards/2b0cac7ad3b44cbea449bda319e6a352#GEO_CODE=6001050'>View boundary on map</a>,,6001050
2021,Swift River,,,Total - Population aged 15 years and over by labour force status - 25% sample data,,,,x,x,x,<a target='_blank' href='https://yukon.maps.arcgis.com/apps/dashboards/2b0cac7ad3b44cbea449bda319e6a352#GEO_CODE=6001046'>View boundary on map</a>,<a target='_blank' href='https://community-statistics.service.yukon.ca/pages/census-2021-data-notes#datanote184'>184</a>,6001046
2021,Swift River,Total - Population aged 15 years and over by labour force status - 25% sample data,,In the labour force,,,,x,x,x,<a target='_blank' href='https://yukon.maps.arcgis.com/apps/dashboards/2b0cac7ad3b44cbea449bda319e6a352#GEO_CODE=6001046'>View boundary on map</a>,,6001046
2021,Swift River,Total - Population aged 15 years and over by labour force status - 25% sample data,In the labour force,Employed,,,,x,x,x,<a target='_blank' href='https://yukon.maps.arcgis.com/apps/dashboards/2b0cac7ad3b44cbea449bda319e6a352#GEO_CODE=6001046'>View boundary on map</a>,,6001046
2021,Swift River,Total - Population aged 15 years and over by labour force status - 25% sample data,In the labour force,Unemployed,,,,x,x,x,<a target='_blank' href='https://yukon.maps.arcgis.com/apps/dashboards/2b0cac7ad3b44cbea449bda319e6a352#GEO_CODE=6001046'>View boundary on map</a>,,6001046
2021,Swift River,Total - Population aged 15 years and over by labour force status - 25% sample data,,Not in the labour force,,,,x,x,x,<a target='_blank' href='https://yukon.maps.arcgis.com/apps/dashboards/2b0cac7ad3b44cbea449bda319e6a352#GEO_CODE=6001046'>View boundary on map</a>,,6001046
2021,Swift River,,,Participation rate,,,,x,x,x,<a target='_blank' href='https://yukon.maps.arcgis.com/apps/dashboards/2b0cac7ad3b44cbea449bda319e6a352#GEO_CODE=6001046'>View boundary on map</a>,,6001046
2021,Swift River,,,Employment rate,,,,x,x,x,<a target='_blank' href='https://yukon.maps.arcgis.com/apps/dashboards/2b0cac7ad3b44cbea449bda319e6a352#GEO_CODE=6001046'>View boundary on map</a>,,6001046
2021,Swift River,,,Unemployment rate,,,,x,x,x,<a target='_blank' href='https://yukon.maps.arcgis.com/apps/dashboards/2b0cac7ad3b44cbea449bda319e6a352#GEO_CODE=6001046'>View boundary on map</a>,,6001046
2021,Tagish,,,Total - Population aged 15 years and over by labour force status - 25% sample data,290,150,135,,,,<a target='_blank' href='https://yukon.maps.arcgis.com/apps/dashboards/2b0cac7ad3b44cbea449bda319e6a352#GEO_CODE=6001036'>View boundary on map</a>,<a target='_blank' href='https://community-statistics.service.yukon.ca/pages/census-2021-data-notes#datanote184'>184</a>,6001036
2021,Tagish,Total - Population aged 15 years and over by labour force status - 25% sample data,,In the labour force,125,65,60,,,,<a target='_blank' href='https://yukon.maps.arcgis.com/apps/dashboards/2b0cac7ad3b44cbea449bda319e6a352#GEO_CODE=6001036'>View boundary on map</a>,,6001036
2021,Tagish,Total - Population aged 15 years and over by labour force status - 25% sample data,In the labour force,Employed,100,50,50,,,,<a target='_blank' href='https://yukon.maps.arcgis.com/apps/dashboards/2b0cac7ad3b44cbea449bda319e6a352#GEO_CODE=6001036'>View boundary on map</a>,,6001036
2021,Tagish,Total - Population aged 15 years and over by labour force status - 25% sample data,In the labour force,Unemployed,25,15,10,,,,<a target='_blank' href='https://yukon.maps.arcgis.com/apps/dashboards/2b0cac7ad3b44cbea449bda319e6a352#GEO_CODE=6001036'>View boundary on map</a>,,6001036
2021,Tagish,Total - Population aged 15 years and over by labour force status - 25% sample data,,Not in the labour force,160,90,75,,,,<a target='_blank' href='https://yukon.maps.arcgis.com/apps/dashboards/2b0cac7ad3b44cbea449bda319e6a352#GEO_CODE=6001036'>View boundary on map</a>,,6001036
2021,Tagish,,,Participation rate,43.1,43.3,44.4,,,,<a target='_blank' href='https://yukon.maps.arcgis.com/apps/dashboards/2b0cac7ad3b44cbea449bda319e6a352#GEO_CODE=6001036'>View boundary on map</a>,,6001036
2021,Tagish,,,Employment rate,34.5,33.3,37,,,,<a target='_blank' href='https://yukon.maps.arcgis.com/apps/dashboards/2b0cac7ad3b44cbea449bda319e6a352#GEO_CODE=6001036'>View boundary on map</a>,,6001036
2021,Tagish,,,Unemployment rate,20,23.1,16.7,,,,<a target='_blank' href='https://yukon.maps.arcgis.com/apps/dashboards/2b0cac7ad3b44cbea449bda319e6a352#GEO_CODE=6001036'>View boundary on map</a>,,6001036
2021,Teslin,,,Total - Population aged 15 years and over by labour force status - 25% sample data,205,95,110,,,,<a target='_blank' href='https://yukon.maps.arcgis.com/apps/dashboards/2b0cac7ad3b44cbea449bda319e6a352#GEO_CODE=6001006'>View boundary on map</a>,<a target='_blank' href='https://community-statistics.service.yukon.ca/pages/census-2021-data-notes#datanote184'>184</a>,6001006
2021,Teslin,Total - Population aged 15 years and over by labour force status - 25% sample data,,In the labour force,125,55,70,,,,<a target='_blank' href='https://yukon.maps.arcgis.com/apps/dashboards/2b0cac7ad3b44cbea449bda319e6a352#GEO_CODE=6001006'>View boundary on map</a>,,6001006
2021,Teslin,Total - Population aged 15 years and over by labour force status - 25% sample data,In the labour force,Employed,115,55,60,,,,<a target='_blank' href='https://yukon.maps.arcgis.com/apps/dashboards/2b0cac7ad3b44cbea449bda319e6a352#GEO_CODE=6001006'>View boundary on map</a>,,6001006
2021,Teslin,Total - Population aged 15 years and over by labour force status - 25% sample data,In the labour force,Unemployed,15,0,10,,,,<a target='_blank' href='https://yukon.maps.arcgis.com/apps/dashboards/2b0cac7ad3b44cbea449bda319e6a352#GEO_CODE=6001006'>View boundary on map</a>,,6001006
2021,Teslin,Total - Population aged 15 years and over by labour force status - 25% sample data,,Not in the labour force,80,35,45,,,,<a target='_blank' href='https://yukon.maps.arcgis.com/apps/dashboards/2b0cac7ad3b44cbea449bda319e6a352#GEO_CODE=6001006'>View boundary on map</a>,,6001006
2021,Teslin,,,Participation rate,61,57.9,63.6,,,,<a target='_blank' href='https://yukon.maps.arcgis.com/apps/dashboards/2b0cac7ad3b44cbea449bda319e6a352#GEO_CODE=6001006'>View boundary on map</a>,,6001006
2021,Teslin,,,Employment rate,56.1,57.9,54.5,,,,<a target='_blank' href='https://yukon.maps.arcgis.com/apps/dashboards/2b0cac7ad3b44cbea449bda319e6a352#GEO_CODE=6001006'>View boundary on map</a>,,6001006
2021,Teslin,,,Unemployment rate,12,0,14.3,,,,<a target='_blank' href='https://yukon.maps.arcgis.com/apps/dashboards/2b0cac7ad3b44cbea449bda319e6a352#GEO_CODE=6001006'>View boundary on map</a>,,6001006
2021,Teslin Land,,,Total - Population aged 15 years and over by labour force status - 25% sample data,,,,x,x,x,<a target='_blank' href='https://yukon.maps.arcgis.com/apps/dashboards/2b0cac7ad3b44cbea449bda319e6a352#GEO_CODE=6001057'>View boundary on map</a>,<a target='_blank' href='https://community-statistics.service.yukon.ca/pages/census-2021-data-notes#datanote184'>184</a>,6001057
2021,Teslin Land,Total - Population aged 15 years and over by labour force status - 25% sample data,,In the labour force,,,,x,x,x,<a target='_blank' href='https://yukon.maps.arcgis.com/apps/dashboards/2b0cac7ad3b44cbea449bda319e6a352#GEO_CODE=6001057'>View boundary on map</a>,,6001057
2021,Teslin Land,Total - Population aged 15 years and over by labour force status - 25% sample data,In the labour force,Employed,,,,x,x,x,<a target='_blank' href='https://yukon.maps.arcgis.com/apps/dashboards/2b0cac7ad3b44cbea449bda319e6a352#GEO_CODE=6001057'>View boundary on map</a>,,6001057
2021,Teslin Land,Total - Population aged 15 years and over by labour force status - 25% sample data,In the labour force,Unemployed,,,,x,x,x,<a target='_blank' href='https://yukon.maps.arcgis.com/apps/dashboards/2b0cac7ad3b44cbea449bda319e6a352#GEO_CODE=6001057'>View boundary on map</a>,,6001057
2021,Teslin Land,Total - Population aged 15 years and over by labour force status - 25% sample data,,Not in the labour force,,,,x,x,x,<a target='_blank' href='https://yukon.maps.arcgis.com/apps/dashboards/2b0cac7ad3b44cbea449bda319e6a352#GEO_CODE=6001057'>View boundary on map</a>,,6001057
2021,Teslin Land,,,Participation rate,,,,x,x,x,<a target='_blank' href='https://yukon.maps.arcgis.com/apps/dashboards/2b0cac7ad3b44cbea449bda319e6a352#GEO_CODE=6001057'>View boundary on map</a>,,6001057
2021,Teslin Land,,,Employment rate,,,,x,x,x,<a target='_blank' href='https://yukon.maps.arcgis.com/apps/dashboards/2b0cac7ad3b44cbea449bda319e6a352#GEO_CODE=6001057'>View boundary on map</a>,,6001057
2021,Teslin Land,,,Unemployment rate,,,,x,x,x,<a target='_blank' href='https://yukon.maps.arcgis.com/apps/dashboards/2b0cac7ad3b44cbea449bda319e6a352#GEO_CODE=6001057'>View boundary on map</a>,,6001057
2021,Teslin Post 13,,,Total - Population aged 15 years and over by labour force status - 25% sample data,,,,x,x,x,<a target='_blank' href='https://yukon.maps.arcgis.com/apps/dashboards/2b0cac7ad3b44cbea449bda319e6a352#GEO_CODE=6001007'>View boundary on map</a>,<a target='_blank' href='https://community-statistics.service.yukon.ca/pages/census-2021-data-notes#datanote184'>184</a>,6001007
2021,Teslin Post 13,Total - Population aged 15 years and over by labour force status - 25% sample data,,In the labour force,,,,x,x,x,<a target='_blank' href='https://yukon.maps.arcgis.com/apps/dashboards/2b0cac7ad3b44cbea449bda319e6a352#GEO_CODE=6001007'>View boundary on map</a>,,6001007
2021,Teslin Post 13,Total - Population aged 15 years and over by labour force status - 25% sample data,In the labour force,Employed,,,,x,x,x,<a target='_blank' href='https://yukon.maps.arcgis.com/apps/dashboards/2b0cac7ad3b44cbea449bda319e6a352#GEO_CODE=6001007'>View boundary on map</a>,,6001007
2021,Teslin Post 13,Total - Population aged 15 years and over by labour force status - 25% sample data,In the labour force,Unemployed,,,,x,x,x,<a target='_blank' href='https://yukon.maps.arcgis.com/apps/dashboards/2b0cac7ad3b44cbea449bda319e6a352#GEO_CODE=6001007'>View boundary on map</a>,,6001007
2021,Teslin Post 13,Total - Population aged 15 years and over by labour force status - 25% sample data,,Not in the labour force,,,,x,x,x,<a target='_blank' href='https://yukon.maps.arcgis.com/apps/dashboards/2b0cac7ad3b44cbea449bda319e6a352#GEO_CODE=6001007'>View boundary on map</a>,,6001007
2021,Teslin Post 13,,,Participation rate,,,,x,x,x,<a target='_blank' href='https://yukon.maps.arcgis.com/apps/dashboards/2b0cac7ad3b44cbea449bda319e6a352#GEO_CODE=6001007'>View boundary on map</a>,,6001007
2021,Teslin Post 13,,,Employment rate,,,,x,x,x,<a target='_blank' href='https://yukon.maps.arcgis.com/apps/dashboards/2b0cac7ad3b44cbea449bda319e6a352#GEO_CODE=6001007'>View boundary on map</a>,,6001007
2021,Teslin Post 13,,,Unemployment rate,,,,x,x,x,<a target='_blank' href='https://yukon.maps.arcgis.com/apps/dashboards/2b0cac7ad3b44cbea449bda319e6a352#GEO_CODE=6001007'>View boundary on map</a>,,6001007
2021,Upper Liard,,,Total - Population aged 15 years and over by labour force status - 25% sample data,110,60,50,,,,<a target='_blank' href='https://yukon.maps.arcgis.com/apps/dashboards/2b0cac7ad3b44cbea449bda319e6a352#GEO_CODE=6001032'>View boundary on map</a>,<a target='_blank' href='https://community-statistics.service.yukon.ca/pages/census-2021-data-notes#datanote184'>184</a>,6001032
2021,Upper Liard,Total - Population aged 15 years and over by labour force status - 25% sample data,,In the labour force,55,30,25,,,,<a target='_blank' href='https://yukon.maps.arcgis.com/apps/dashboards/2b0cac7ad3b44cbea449bda319e6a352#GEO_CODE=6001032'>View boundary on map</a>,,6001032
2021,Upper Liard,Total - Population aged 15 years and over by labour force status - 25% sample data,In the labour force,Employed,35,25,15,,,,<a target='_blank' href='https://yukon.maps.arcgis.com/apps/dashboards/2b0cac7ad3b44cbea449bda319e6a352#GEO_CODE=6001032'>View boundary on map</a>,,6001032
2021,Upper Liard,Total - Population aged 15 years and over by labour force status - 25% sample data,In the labour force,Unemployed,20,10,10,,,,<a target='_blank' href='https://yukon.maps.arcgis.com/apps/dashboards/2b0cac7ad3b44cbea449bda319e6a352#GEO_CODE=6001032'>View boundary on map</a>,,6001032
2021,Upper Liard,Total - Population aged 15 years and over by labour force status - 25% sample data,,Not in the labour force,55,25,25,,,,<a target='_blank' href='https://yukon.maps.arcgis.com/apps/dashboards/2b0cac7ad3b44cbea449bda319e6a352#GEO_CODE=6001032'>View boundary on map</a>,,6001032
2021,Upper Liard,,,Participation rate,50,50,50,,,,<a target='_blank' href='https://yukon.maps.arcgis.com/apps/dashboards/2b0cac7ad3b44cbea449bda319e6a352#GEO_CODE=6001032'>View boundary on map</a>,,6001032
2021,Upper Liard,,,Employment rate,31.8,41.7,30,,,,<a target='_blank' href='https://yukon.maps.arcgis.com/apps/dashboards/2b0cac7ad3b44cbea449bda319e6a352#GEO_CODE=6001032'>View boundary on map</a>,,6001032
2021,Upper Liard,,,Unemployment rate,36.4,33.3,40,,,,<a target='_blank' href='https://yukon.maps.arcgis.com/apps/dashboards/2b0cac7ad3b44cbea449bda319e6a352#GEO_CODE=6001032'>View boundary on map</a>,,6001032
2021,Watson Lake,,,Total - Population aged 15 years and over by labour force status - 25% sample data,910,455,450,,,,<a target='_blank' href='https://yukon.maps.arcgis.com/apps/dashboards/2b0cac7ad3b44cbea449bda319e6a352#GEO_CODE=6001003'>View boundary on map</a>,<a target='_blank' href='https://community-statistics.service.yukon.ca/pages/census-2021-data-notes#datanote184'>184</a>,6001003
2021,Watson Lake,Total - Population aged 15 years and over by labour force status - 25% sample data,,In the labour force,555,275,285,,,,<a target='_blank' href='https://yukon.maps.arcgis.com/apps/dashboards/2b0cac7ad3b44cbea449bda319e6a352#GEO_CODE=6001003'>View boundary on map</a>,,6001003
2021,Watson Lake,Total - Population aged 15 years and over by labour force status - 25% sample data,In the labour force,Employed,490,230,255,,,,<a target='_blank' href='https://yukon.maps.arcgis.com/apps/dashboards/2b0cac7ad3b44cbea449bda319e6a352#GEO_CODE=6001003'>View boundary on map</a>,,6001003
2021,Watson Lake,Total - Population aged 15 years and over by labour force status - 25% sample data,In the labour force,Unemployed,65,40,25,,,,<a target='_blank' href='https://yukon.maps.arcgis.com/apps/dashboards/2b0cac7ad3b44cbea449bda319e6a352#GEO_CODE=6001003'>View boundary on map</a>,,6001003
2021,Watson Lake,Total - Population aged 15 years and over by labour force status - 25% sample data,,Not in the labour force,350,185,165,,,,<a target='_blank' href='https://yukon.maps.arcgis.com/apps/dashboards/2b0cac7ad3b44cbea449bda319e6a352#GEO_CODE=6001003'>View boundary on map</a>,,6001003
2021,Watson Lake,,,Participation rate,61,60.4,63.3,,,,<a target='_blank' href='https://yukon.maps.arcgis.com/apps/dashboards/2b0cac7ad3b44cbea449bda319e6a352#GEO_CODE=6001003'>View boundary on map</a>,,6001003
2021,Watson Lake,,,Employment rate,53.8,50.5,56.7,,,,<a target='_blank' href='https://yukon.maps.arcgis.com/apps/dashboards/2b0cac7ad3b44cbea449bda319e6a352#GEO_CODE=6001003'>View boundary on map</a>,,6001003
2021,Watson Lake,,,Unemployment rate,11.7,14.5,8.8,,,,<a target='_blank' href='https://yukon.maps.arcgis.com/apps/dashboards/2b0cac7ad3b44cbea449bda319e6a352#GEO_CODE=6001003'>View boundary on map</a>,,6001003
2021,Whitehorse - Unorganized,,,Total - Population aged 15 years and over by labour force status - 25% sample data,255,140,120,,,,<a target='_blank' href='https://yukon.maps.arcgis.com/apps/dashboards/2b0cac7ad3b44cbea449bda319e6a352#GEO_CODE=6001060'>View boundary on map</a>,<a target='_blank' href='https://community-statistics.service.yukon.ca/pages/census-2021-data-notes#datanote184'>184</a>,6001060
2021,Whitehorse - Unorganized,Total - Population aged 15 years and over by labour force status - 25% sample data,,In the labour force,160,95,70,,,,<a target='_blank' href='https://yukon.maps.arcgis.com/apps/dashboards/2b0cac7ad3b44cbea449bda319e6a352#GEO_CODE=6001060'>View boundary on map</a>,,6001060
2021,Whitehorse - Unorganized,Total - Population aged 15 years and over by labour force status - 25% sample data,In the labour force,Employed,155,90,70,,,,<a target='_blank' href='https://yukon.maps.arcgis.com/apps/dashboards/2b0cac7ad3b44cbea449bda319e6a352#GEO_CODE=6001060'>View boundary on map</a>,,6001060
2021,Whitehorse - Unorganized,Total - Population aged 15 years and over by labour force status - 25% sample data,In the labour force,Unemployed,0,0,0,,,,<a target='_blank' href='https://yukon.maps.arcgis.com/apps/dashboards/2b0cac7ad3b44cbea449bda319e6a352#GEO_CODE=6001060'>View boundary on map</a>,,6001060
2021,Whitehorse - Unorganized,Total - Population aged 15 years and over by labour force status - 25% sample data,,Not in the labour force,95,50,50,,,,<a target='_blank' href='https://yukon.maps.arcgis.com/apps/dashboards/2b0cac7ad3b44cbea449bda319e6a352#GEO_CODE=6001060'>View boundary on map</a>,,6001060
2021,Whitehorse - Unorganized,,,Participation rate,62.7,67.9,58.3,,,,<a target='_blank' href='https://yukon.maps.arcgis.com/apps/dashboards/2b0cac7ad3b44cbea449bda319e6a352#GEO_CODE=6001060'>View boundary on map</a>,,6001060
2021,Whitehorse - Unorganized,,,Employment rate,60.8,64.3,58.3,,,,<a target='_blank' href='https://yukon.maps.arcgis.com/apps/dashboards/2b0cac7ad3b44cbea449bda319e6a352#GEO_CODE=6001060'>View boundary on map</a>,,6001060
2021,Whitehorse - Unorganized,,,Unemployment rate,0,0,0,,,,<a target='_blank' href='https://yukon.maps.arcgis.com/apps/dashboards/2b0cac7ad3b44cbea449bda319e6a352#GEO_CODE=6001060'>View boundary on map</a>,,6001060
2021,Yukon - Unorganized,,,Total - Population aged 15 years and over by labour force status - 25% sample data,1310,660,650,,,,<a target='_blank' href='https://yukon.maps.arcgis.com/apps/dashboards/2b0cac7ad3b44cbea449bda319e6a352#GEO_CODE=6001045'>View boundary on map</a>,<a target='_blank' href='https://community-statistics.service.yukon.ca/pages/census-2021-data-notes#datanote184'>184</a>,6001045
2021,Yukon - Unorganized,Total - Population aged 15 years and over by labour force status - 25% sample data,,In the labour force,910,435,475,,,,<a target='_blank' href='https://yukon.maps.arcgis.com/apps/dashboards/2b0cac7ad3b44cbea449bda319e6a352#GEO_CODE=6001045'>View boundary on map</a>,,6001045
2021,Yukon - Unorganized,Total - Population aged 15 years and over by labour force status - 25% sample data,In the labour force,Employed,785,380,405,,,,<a target='_blank' href='https://yukon.maps.arcgis.com/apps/dashboards/2b0cac7ad3b44cbea449bda319e6a352#GEO_CODE=6001045'>View boundary on map</a>,,6001045
2021,Yukon - Unorganized,Total - Population aged 15 years and over by labour force status - 25% sample data,In the labour force,Unemployed,125,60,65,,,,<a target='_blank' href='https://yukon.maps.arcgis.com/apps/dashboards/2b0cac7ad3b44cbea449bda319e6a352#GEO_CODE=6001045'>View boundary on map</a>,,6001045
2021,Yukon - Unorganized,Total - Population aged 15 years and over by labour force status - 25% sample data,,Not in the labour force,395,225,175,,,,<a target='_blank' href='https://yukon.maps.arcgis.com/apps/dashboards/2b0cac7ad3b44cbea449bda319e6a352#GEO_CODE=6001045'>View boundary on map</a>,,6001045
2021,Yukon - Unorganized,,,Participation rate,69.5,65.9,73.1,,,,<a target='_blank' href='https://yukon.maps.arcgis.com/apps/dashboards/2b0cac7ad3b44cbea449bda319e6a352#GEO_CODE=6001045'>View boundary on map</a>,,6001045
2021,Yukon - Unorganized,,,Employment rate,59.9,57.6,62.3,,,,<a target='_blank' href='https://yukon.maps.arcgis.com/apps/dashboards/2b0cac7ad3b44cbea449bda319e6a352#GEO_CODE=6001045'>View boundary on map</a>,,6001045
2021,Yukon - Unorganized,,,Unemployment rate,13.7,13.8,13.7,,,,<a target='_blank' href='https://yukon.maps.arcgis.com/apps/dashboards/2b0cac7ad3b44cbea449bda319e6a352#GEO_CODE=6001045'>View boundary on map</a>,,6001045
2021,Alaska Highway North Region,,,Total - Population aged 15 years and over by labour force status - 25% sample data,705,355,350,,,,<a target='_blank' href='https://yukon.maps.arcgis.com/apps/dashboards/2b0cac7ad3b44cbea449bda319e6a352#GEO_CODE=YBS042039049018'>View boundary on map</a>,<a target='_blank' href='https://community-statistics.service.yukon.ca/pages/census-2021-data-notes#datanote184'>184</a>,YBS042039049018
2021,Alaska Highway North Region,Total - Population aged 15 years and over by labour force status - 25% sample data,,In the labour force,480,240,240,,,,<a target='_blank' href='https://yukon.maps.arcgis.com/apps/dashboards/2b0cac7ad3b44cbea449bda319e6a352#GEO_CODE=YBS042039049018'>View boundary on map</a>,,YBS042039049018
2021,Alaska Highway North Region,Total - Population aged 15 years and over by labour force status - 25% sample data,In the labour force,Employed,415,200,210,,,,<a target='_blank' href='https://yukon.maps.arcgis.com/apps/dashboards/2b0cac7ad3b44cbea449bda319e6a352#GEO_CODE=YBS042039049018'>View boundary on map</a>,,YBS042039049018
2021,Alaska Highway North Region,Total - Population aged 15 years and over by labour force status - 25% sample data,In the labour force,Unemployed,70,40,25,,,,<a target='_blank' href='https://yukon.maps.arcgis.com/apps/dashboards/2b0cac7ad3b44cbea449bda319e6a352#GEO_CODE=YBS042039049018'>View boundary on map</a>,,YBS042039049018
2021,Alaska Highway North Region,Total - Population aged 15 years and over by labour force status - 25% sample data,,Not in the labour force,220,115,110,,,,<a target='_blank' href='https://yukon.maps.arcgis.com/apps/dashboards/2b0cac7ad3b44cbea449bda319e6a352#GEO_CODE=YBS042039049018'>View boundary on map</a>,,YBS042039049018
2021,Alaska Highway North Region,,,Participation rate,68.1,67.6,68.6,,,,<a target='_blank' href='https://yukon.maps.arcgis.com/apps/dashboards/2b0cac7ad3b44cbea449bda319e6a352#GEO_CODE=YBS042039049018'>View boundary on map</a>,,YBS042039049018
2021,Alaska Highway North Region,,,Employment rate,58.9,56.3,60,,,,<a target='_blank' href='https://yukon.maps.arcgis.com/apps/dashboards/2b0cac7ad3b44cbea449bda319e6a352#GEO_CODE=YBS042039049018'>View boundary on map</a>,,YBS042039049018
2021,Alaska Highway North Region,,,Unemployment rate,14.6,16.7,10.4,,,,<a target='_blank' href='https://yukon.maps.arcgis.com/apps/dashboards/2b0cac7ad3b44cbea449bda319e6a352#GEO_CODE=YBS042039049018'>View boundary on map</a>,,YBS042039049018
2021,Carcross-Tagish Region,,,Total - Population aged 15 years and over by labour force status - 25% sample data,590,305,280,,,,<a target='_blank' href='https://yukon.maps.arcgis.com/apps/dashboards/2b0cac7ad3b44cbea449bda319e6a352#GEO_CODE=YBS048008036'>View boundary on map</a>,<a target='_blank' href='https://community-statistics.service.yukon.ca/pages/census-2021-data-notes#datanote184'>184</a>,YBS048008036
2021,Carcross-Tagish Region,Total - Population aged 15 years and over by labour force status - 25% sample data,,In the labour force,260,145,115,,,,<a target='_blank' href='https://yukon.maps.arcgis.com/apps/dashboards/2b0cac7ad3b44cbea449bda319e6a352#GEO_CODE=YBS048008036'>View boundary on map</a>,,YBS048008036
2021,Carcross-Tagish Region,Total - Population aged 15 years and over by labour force status - 25% sample data,In the labour force,Employed,220,115,105,,,,<a target='_blank' href='https://yukon.maps.arcgis.com/apps/dashboards/2b0cac7ad3b44cbea449bda319e6a352#GEO_CODE=YBS048008036'>View boundary on map</a>,,YBS048008036
2021,Carcross-Tagish Region,Total - Population aged 15 years and over by labour force status - 25% sample data,In the labour force,Unemployed,40,30,15,,,,<a target='_blank' href='https://yukon.maps.arcgis.com/apps/dashboards/2b0cac7ad3b44cbea449bda319e6a352#GEO_CODE=YBS048008036'>View boundary on map</a>,,YBS048008036
2021,Carcross-Tagish Region,Total - Population aged 15 years and over by labour force status - 25% sample data,,Not in the labour force,325,165,165,,,,<a target='_blank' href='https://yukon.maps.arcgis.com/apps/dashboards/2b0cac7ad3b44cbea449bda319e6a352#GEO_CODE=YBS048008036'>View boundary on map</a>,,YBS048008036
2021,Carcross-Tagish Region,,,Participation rate,44.1,47.5,41.1,,,,<a target='_blank' href='https://yukon.maps.arcgis.com/apps/dashboards/2b0cac7ad3b44cbea449bda319e6a352#GEO_CODE=YBS048008036'>View boundary on map</a>,,YBS048008036
2021,Carcross-Tagish Region,,,Employment rate,37.3,37.7,37.5,,,,<a target='_blank' href='https://yukon.maps.arcgis.com/apps/dashboards/2b0cac7ad3b44cbea449bda319e6a352#GEO_CODE=YBS048008036'>View boundary on map</a>,,YBS048008036
2021,Carcross-Tagish Region,,,Unemployment rate,15.4,20.7,13,,,,<a target='_blank' href='https://yukon.maps.arcgis.com/apps/dashboards/2b0cac7ad3b44cbea449bda319e6a352#GEO_CODE=YBS048008036'>View boundary on map</a>,,YBS048008036
2021,Teslin Region,,,Total - Population aged 15 years and over by labour force status - 25% sample data,220,105,115,,,,<a target='_blank' href='https://yukon.maps.arcgis.com/apps/dashboards/2b0cac7ad3b44cbea449bda319e6a352#GEO_CODE=YBS006057007'>View boundary on map</a>,<a target='_blank' href='https://community-statistics.service.yukon.ca/pages/census-2021-data-notes#datanote184'>184</a>,YBS006057007
2021,Teslin Region,Total - Population aged 15 years and over by labour force status - 25% sample data,,In the labour force,135,60,75,,,,<a target='_blank' href='https://yukon.maps.arcgis.com/apps/dashboards/2b0cac7ad3b44cbea449bda319e6a352#GEO_CODE=YBS006057007'>View boundary on map</a>,,YBS006057007
2021,Teslin Region,Total - Population aged 15 years and over by labour force status - 25% sample data,In the labour force,Employed,125,55,65,,,,<a target='_blank' href='https://yukon.maps.arcgis.com/apps/dashboards/2b0cac7ad3b44cbea449bda319e6a352#GEO_CODE=YBS006057007'>View boundary on map</a>,,YBS006057007
2021,Teslin Region,Total - Population aged 15 years and over by labour force status - 25% sample data,In the labour force,Unemployed,15,0,10,,,,<a target='_blank' href='https://yukon.maps.arcgis.com/apps/dashboards/2b0cac7ad3b44cbea449bda319e6a352#GEO_CODE=YBS006057007'>View boundary on map</a>,,YBS006057007
2021,Teslin Region,Total - Population aged 15 years and over by labour force status - 25% sample data,,Not in the labour force,85,40,40,,,,<a target='_blank' href='https://yukon.maps.arcgis.com/apps/dashboards/2b0cac7ad3b44cbea449bda319e6a352#GEO_CODE=YBS006057007'>View boundary on map</a>,,YBS006057007
2021,Teslin Region,,,Participation rate,61.4,57.1,65.2,,,,<a target='_blank' href='https://yukon.maps.arcgis.com/apps/dashboards/2b0cac7ad3b44cbea449bda319e6a352#GEO_CODE=YBS006057007'>View boundary on map</a>,,YBS006057007
2021,Teslin Region,,,Employment rate,56.8,52.4,56.5,,,,<a target='_blank' href='https://yukon.maps.arcgis.com/apps/dashboards/2b0cac7ad3b44cbea449bda319e6a352#GEO_CODE=YBS006057007'>View boundary on map</a>,,YBS006057007
2021,Teslin Region,,,Unemployment rate,11.1,0,13.3,,,,<a target='_blank' href='https://yukon.maps.arcgis.com/apps/dashboards/2b0cac7ad3b44cbea449bda319e6a352#GEO_CODE=YBS006057007'>View boundary on map</a>,,YBS006057007
2021,Watson Lake Region,,,Total - Population aged 15 years and over by labour force status - 25% sample data,1015,520,500,,,,<a target='_blank' href='https://yukon.maps.arcgis.com/apps/dashboards/2b0cac7ad3b44cbea449bda319e6a352#GEO_CODE=YBS003032033034035'>View boundary on map</a>,<a target='_blank' href='https://community-statistics.service.yukon.ca/pages/census-2021-data-notes#datanote184'>184</a>,YBS003032033034035
2021,Watson Lake Region,Total - Population aged 15 years and over by labour force status - 25% sample data,,In the labour force,610,305,310,,,,<a target='_blank' href='https://yukon.maps.arcgis.com/apps/dashboards/2b0cac7ad3b44cbea449bda319e6a352#GEO_CODE=YBS003032033034035'>View boundary on map</a>,,YBS003032033034035
2021,Watson Lake Region,Total - Population aged 15 years and over by labour force status - 25% sample data,In the labour force,Employed,525,255,275,,,,<a target='_blank' href='https://yukon.maps.arcgis.com/apps/dashboards/2b0cac7ad3b44cbea449bda319e6a352#GEO_CODE=YBS003032033034035'>View boundary on map</a>,,YBS003032033034035
2021,Watson Lake Region,Total - Population aged 15 years and over by labour force status - 25% sample data,In the labour force,Unemployed,90,55,30,,,,<a target='_blank' href='https://yukon.maps.arcgis.com/apps/dashboards/2b0cac7ad3b44cbea449bda319e6a352#GEO_CODE=YBS003032033034035'>View boundary on map</a>,,YBS003032033034035
2021,Watson Lake Region,Total - Population aged 15 years and over by labour force status - 25% sample data,,Not in the labour force,405,215,190,,,,<a target='_blank' href='https://yukon.maps.arcgis.com/apps/dashboards/2b0cac7ad3b44cbea449bda319e6a352#GEO_CODE=YBS003032033034035'>View boundary on map</a>,,YBS003032033034035
2021,Watson Lake Region,,,Participation rate,60.1,58.7,62,,,,<a target='_blank' href='https://yukon.maps.arcgis.com/apps/dashboards/2b0cac7ad3b44cbea449bda319e6a352#GEO_CODE=YBS003032033034035'>View boundary on map</a>,,YBS003032033034035
2021,Watson Lake Region,,,Employment rate,51.7,49,55,,,,<a target='_blank' href='https://yukon.maps.arcgis.com/apps/dashboards/2b0cac7ad3b44cbea449bda319e6a352#GEO_CODE=YBS003032033034035'>View boundary on map</a>,,YBS003032033034035
2021,Watson Lake Region,,,Unemployment rate,14.8,18,9.7,,,,<a target='_blank' href='https://yukon.maps.arcgis.com/apps/dashboards/2b0cac7ad3b44cbea449bda319e6a352#GEO_CODE=YBS003032033034035'>View boundary on map</a>,,YBS003032033034035
2021,Carcross Region,,,Total - Population aged 15 years and over by labour force status - 25% sample data,300,155,145,,,,<a target='_blank' href='https://yukon.maps.arcgis.com/apps/dashboards/2b0cac7ad3b44cbea449bda319e6a352#GEO_CODE=YBS048008'>View boundary on map</a>,<a target='_blank' href='https://community-statistics.service.yukon.ca/pages/census-2021-data-notes#datanote184'>184</a>,YBS048008
2021,Carcross Region,Total - Population aged 15 years and over by labour force status - 25% sample data,,In the labour force,135,80,55,,,,<a target='_blank' href='https://yukon.maps.arcgis.com/apps/dashboards/2b0cac7ad3b44cbea449bda319e6a352#GEO_CODE=YBS048008'>View boundary on map</a>,,YBS048008
2021,Carcross Region,Total - Population aged 15 years and over by labour force status - 25% sample data,In the labour force,Employed,115,65,50,,,,<a target='_blank' href='https://yukon.maps.arcgis.com/apps/dashboards/2b0cac7ad3b44cbea449bda319e6a352#GEO_CODE=YBS048008'>View boundary on map</a>,,YBS048008
2021,Carcross Region,Total - Population aged 15 years and over by labour force status - 25% sample data,In the labour force,Unemployed,15,15,0,,,,<a target='_blank' href='https://yukon.maps.arcgis.com/apps/dashboards/2b0cac7ad3b44cbea449bda319e6a352#GEO_CODE=YBS048008'>View boundary on map</a>,,YBS048008
2021,Carcross Region,Total - Population aged 15 years and over by labour force status - 25% sample data,,Not in the labour force,165,75,90,,,,<a target='_blank' href='https://yukon.maps.arcgis.com/apps/dashboards/2b0cac7ad3b44cbea449bda319e6a352#GEO_CODE=YBS048008'>View boundary on map</a>,,YBS048008
2021,Carcross Region,,,Participation rate,45,51.6,37.9,,,,<a target='_blank' href='https://yukon.maps.arcgis.com/apps/dashboards/2b0cac7ad3b44cbea449bda319e6a352#GEO_CODE=YBS048008'>View boundary on map</a>,,YBS048008
2021,Carcross Region,,,Employment rate,38.3,41.9,34.5,,,,<a target='_blank' href='https://yukon.maps.arcgis.com/apps/dashboards/2b0cac7ad3b44cbea449bda319e6a352#GEO_CODE=YBS048008'>View boundary on map</a>,,YBS048008
2021,Carcross Region,,,Unemployment rate,11.1,18.8,0,,,,<a target='_blank' href='https://yukon.maps.arcgis.com/apps/dashboards/2b0cac7ad3b44cbea449bda319e6a352#GEO_CODE=YBS048008'>View boundary on map</a>,,YBS048008
