census_year,geo_name,variable_name,total,male,female,flag_total,flag_male,flag_female,geo_location,data_notes,geo_code
2021,Yukon,Population; 2021,40232,,,,...,...,<a target='_blank' href='https://yukon.maps.arcgis.com/apps/dashboards/2b0cac7ad3b44cbea449bda319e6a352#GEO_CODE=6001'>View boundary on map</a>,<a target='_blank' href='https://community-statistics.service.yukon.ca/pages/census-2021-data-notes#datanote1'>1</a>,6001
2021,Yukon,Population; 2016,35874,,,,...,...,<a target='_blank' href='https://yukon.maps.arcgis.com/apps/dashboards/2b0cac7ad3b44cbea449bda319e6a352#GEO_CODE=6001'>View boundary on map</a>,<a target='_blank' href='https://community-statistics.service.yukon.ca/pages/census-2021-data-notes#datanote1'>1</a>,6001
2021,Yukon,Population percentage change; 2016 to 2021,12.1,,,,...,...,<a target='_blank' href='https://yukon.maps.arcgis.com/apps/dashboards/2b0cac7ad3b44cbea449bda319e6a352#GEO_CODE=6001'>View boundary on map</a>,,6001
2021,Yukon,Total private dwellings,19610,,,,...,...,<a target='_blank' href='https://yukon.maps.arcgis.com/apps/dashboards/2b0cac7ad3b44cbea449bda319e6a352#GEO_CODE=6001'>View boundary on map</a>,<a target='_blank' href='https://community-statistics.service.yukon.ca/pages/census-2021-data-notes#datanote2'>2</a>,6001
2021,Yukon,Private dwellings occupied by usual residents,17181,,,,...,...,<a target='_blank' href='https://yukon.maps.arcgis.com/apps/dashboards/2b0cac7ad3b44cbea449bda319e6a352#GEO_CODE=6001'>View boundary on map</a>,<a target='_blank' href='https://community-statistics.service.yukon.ca/pages/census-2021-data-notes#datanote3'>3</a>,6001
2021,Yukon,Population density per square kilometre,0.1,,,,...,...,<a target='_blank' href='https://yukon.maps.arcgis.com/apps/dashboards/2b0cac7ad3b44cbea449bda319e6a352#GEO_CODE=6001'>View boundary on map</a>,,6001
2021,Yukon,Land area in square kilometres,472345.44,,,,...,...,<a target='_blank' href='https://yukon.maps.arcgis.com/apps/dashboards/2b0cac7ad3b44cbea449bda319e6a352#GEO_CODE=6001'>View boundary on map</a>,,6001
2021,Whitehorse - Area,Population; 2021,31913,,,,...,...,<a target='_blank' href='https://yukon.maps.arcgis.com/apps/dashboards/2b0cac7ad3b44cbea449bda319e6a352#GEO_CODE=990'>View boundary on map</a>,<a target='_blank' href='https://community-statistics.service.yukon.ca/pages/census-2021-data-notes#datanote1'>1</a>,990
2021,Whitehorse - Area,Population; 2016,28225,,,,...,...,<a target='_blank' href='https://yukon.maps.arcgis.com/apps/dashboards/2b0cac7ad3b44cbea449bda319e6a352#GEO_CODE=990'>View boundary on map</a>,<a target='_blank' href='https://community-statistics.service.yukon.ca/pages/census-2021-data-notes#datanote1'>1</a>,990
2021,Whitehorse - Area,Population percentage change; 2016 to 2021,13.1,,,,...,...,<a target='_blank' href='https://yukon.maps.arcgis.com/apps/dashboards/2b0cac7ad3b44cbea449bda319e6a352#GEO_CODE=990'>View boundary on map</a>,,990
2021,Whitehorse - Area,Total private dwellings,14121,,,,...,...,<a target='_blank' href='https://yukon.maps.arcgis.com/apps/dashboards/2b0cac7ad3b44cbea449bda319e6a352#GEO_CODE=990'>View boundary on map</a>,<a target='_blank' href='https://community-statistics.service.yukon.ca/pages/census-2021-data-notes#datanote2'>2</a>,990
2021,Whitehorse - Area,Private dwellings occupied by usual residents,13186,,,,...,...,<a target='_blank' href='https://yukon.maps.arcgis.com/apps/dashboards/2b0cac7ad3b44cbea449bda319e6a352#GEO_CODE=990'>View boundary on map</a>,<a target='_blank' href='https://community-statistics.service.yukon.ca/pages/census-2021-data-notes#datanote3'>3</a>,990
2021,Whitehorse - Area,Population density per square kilometre,3.8,,,,...,...,<a target='_blank' href='https://yukon.maps.arcgis.com/apps/dashboards/2b0cac7ad3b44cbea449bda319e6a352#GEO_CODE=990'>View boundary on map</a>,,990
2021,Whitehorse - Area,Land area in square kilometres,8465.21,,,,...,...,<a target='_blank' href='https://yukon.maps.arcgis.com/apps/dashboards/2b0cac7ad3b44cbea449bda319e6a352#GEO_CODE=990'>View boundary on map</a>,,990
2021,Whitehorse - City,Population; 2021,28201,,,,...,...,<a target='_blank' href='https://yukon.maps.arcgis.com/apps/dashboards/2b0cac7ad3b44cbea449bda319e6a352#GEO_CODE=6001009'>View boundary on map</a>,<a target='_blank' href='https://community-statistics.service.yukon.ca/pages/census-2021-data-notes#datanote1'>1</a>,6001009
2021,Whitehorse - City,Population; 2016,25085,,,,...,...,<a target='_blank' href='https://yukon.maps.arcgis.com/apps/dashboards/2b0cac7ad3b44cbea449bda319e6a352#GEO_CODE=6001009'>View boundary on map</a>,<a target='_blank' href='https://community-statistics.service.yukon.ca/pages/census-2021-data-notes#datanote1'>1</a>,6001009
2021,Whitehorse - City,Population percentage change; 2016 to 2021,12.4,,,,...,...,<a target='_blank' href='https://yukon.maps.arcgis.com/apps/dashboards/2b0cac7ad3b44cbea449bda319e6a352#GEO_CODE=6001009'>View boundary on map</a>,,6001009
2021,Whitehorse - City,Total private dwellings,11970,,,,...,...,<a target='_blank' href='https://yukon.maps.arcgis.com/apps/dashboards/2b0cac7ad3b44cbea449bda319e6a352#GEO_CODE=6001009'>View boundary on map</a>,<a target='_blank' href='https://community-statistics.service.yukon.ca/pages/census-2021-data-notes#datanote2'>2</a>,6001009
2021,Whitehorse - City,Private dwellings occupied by usual residents,11436,,,,...,...,<a target='_blank' href='https://yukon.maps.arcgis.com/apps/dashboards/2b0cac7ad3b44cbea449bda319e6a352#GEO_CODE=6001009'>View boundary on map</a>,<a target='_blank' href='https://community-statistics.service.yukon.ca/pages/census-2021-data-notes#datanote3'>3</a>,6001009
2021,Whitehorse - City,Population density per square kilometre,68.1,,,,...,...,<a target='_blank' href='https://yukon.maps.arcgis.com/apps/dashboards/2b0cac7ad3b44cbea449bda319e6a352#GEO_CODE=6001009'>View boundary on map</a>,,6001009
2021,Whitehorse - City,Land area in square kilometres,413.94,,,,...,...,<a target='_blank' href='https://yukon.maps.arcgis.com/apps/dashboards/2b0cac7ad3b44cbea449bda319e6a352#GEO_CODE=6001009'>View boundary on map</a>,,6001009
2021,Beaver Creek,Population; 2021,78,,,,...,...,<a target='_blank' href='https://yukon.maps.arcgis.com/apps/dashboards/2b0cac7ad3b44cbea449bda319e6a352#GEO_CODE=6001042'>View boundary on map</a>,<a target='_blank' href='https://community-statistics.service.yukon.ca/pages/census-2021-data-notes#datanote1'>1</a>,6001042
2021,Beaver Creek,Population; 2016,93,,,,...,...,<a target='_blank' href='https://yukon.maps.arcgis.com/apps/dashboards/2b0cac7ad3b44cbea449bda319e6a352#GEO_CODE=6001042'>View boundary on map</a>,<a target='_blank' href='https://community-statistics.service.yukon.ca/pages/census-2021-data-notes#datanote1'>1</a>,6001042
2021,Beaver Creek,Population percentage change; 2016 to 2021,-16.1,,,,...,...,<a target='_blank' href='https://yukon.maps.arcgis.com/apps/dashboards/2b0cac7ad3b44cbea449bda319e6a352#GEO_CODE=6001042'>View boundary on map</a>,,6001042
2021,Beaver Creek,Total private dwellings,61,,,,...,...,<a target='_blank' href='https://yukon.maps.arcgis.com/apps/dashboards/2b0cac7ad3b44cbea449bda319e6a352#GEO_CODE=6001042'>View boundary on map</a>,<a target='_blank' href='https://community-statistics.service.yukon.ca/pages/census-2021-data-notes#datanote2'>2</a>,6001042
2021,Beaver Creek,Private dwellings occupied by usual residents,40,,,,...,...,<a target='_blank' href='https://yukon.maps.arcgis.com/apps/dashboards/2b0cac7ad3b44cbea449bda319e6a352#GEO_CODE=6001042'>View boundary on map</a>,<a target='_blank' href='https://community-statistics.service.yukon.ca/pages/census-2021-data-notes#datanote3'>3</a>,6001042
2021,Beaver Creek,Population density per square kilometre,2.9,,,,...,...,<a target='_blank' href='https://yukon.maps.arcgis.com/apps/dashboards/2b0cac7ad3b44cbea449bda319e6a352#GEO_CODE=6001042'>View boundary on map</a>,,6001042
2021,Beaver Creek,Land area in square kilometres,26.66,,,,...,...,<a target='_blank' href='https://yukon.maps.arcgis.com/apps/dashboards/2b0cac7ad3b44cbea449bda319e6a352#GEO_CODE=6001042'>View boundary on map</a>,,6001042
2021,Burwash Landing,Population; 2021,64,,,,...,...,<a target='_blank' href='https://yukon.maps.arcgis.com/apps/dashboards/2b0cac7ad3b44cbea449bda319e6a352#GEO_CODE=6001039'>View boundary on map</a>,<a target='_blank' href='https://community-statistics.service.yukon.ca/pages/census-2021-data-notes#datanote1'>1</a>,6001039
2021,Burwash Landing,Population; 2016,72,,,,...,...,<a target='_blank' href='https://yukon.maps.arcgis.com/apps/dashboards/2b0cac7ad3b44cbea449bda319e6a352#GEO_CODE=6001039'>View boundary on map</a>,<a target='_blank' href='https://community-statistics.service.yukon.ca/pages/census-2021-data-notes#datanote1'>1</a>,6001039
2021,Burwash Landing,Population percentage change; 2016 to 2021,-11.1,,,,...,...,<a target='_blank' href='https://yukon.maps.arcgis.com/apps/dashboards/2b0cac7ad3b44cbea449bda319e6a352#GEO_CODE=6001039'>View boundary on map</a>,,6001039
2021,Burwash Landing,Total private dwellings,52,,,,...,...,<a target='_blank' href='https://yukon.maps.arcgis.com/apps/dashboards/2b0cac7ad3b44cbea449bda319e6a352#GEO_CODE=6001039'>View boundary on map</a>,<a target='_blank' href='https://community-statistics.service.yukon.ca/pages/census-2021-data-notes#datanote2'>2</a>,6001039
2021,Burwash Landing,Private dwellings occupied by usual residents,44,,,,...,...,<a target='_blank' href='https://yukon.maps.arcgis.com/apps/dashboards/2b0cac7ad3b44cbea449bda319e6a352#GEO_CODE=6001039'>View boundary on map</a>,<a target='_blank' href='https://community-statistics.service.yukon.ca/pages/census-2021-data-notes#datanote3'>3</a>,6001039
2021,Burwash Landing,Population density per square kilometre,2.1,,,,...,...,<a target='_blank' href='https://yukon.maps.arcgis.com/apps/dashboards/2b0cac7ad3b44cbea449bda319e6a352#GEO_CODE=6001039'>View boundary on map</a>,,6001039
2021,Burwash Landing,Land area in square kilometres,30.44,,,,...,...,<a target='_blank' href='https://yukon.maps.arcgis.com/apps/dashboards/2b0cac7ad3b44cbea449bda319e6a352#GEO_CODE=6001039'>View boundary on map</a>,,6001039
2021,Carcross,Population; 2021,317,,,,...,...,<a target='_blank' href='https://yukon.maps.arcgis.com/apps/dashboards/2b0cac7ad3b44cbea449bda319e6a352#GEO_CODE=6001048'>View boundary on map</a>,<a target='_blank' href='https://community-statistics.service.yukon.ca/pages/census-2021-data-notes#datanote1'>1</a>,6001048
2021,Carcross,Population; 2016,301,,,,...,...,<a target='_blank' href='https://yukon.maps.arcgis.com/apps/dashboards/2b0cac7ad3b44cbea449bda319e6a352#GEO_CODE=6001048'>View boundary on map</a>,<a target='_blank' href='https://community-statistics.service.yukon.ca/pages/census-2021-data-notes#datanote1'>1</a>,6001048
2021,Carcross,Population percentage change; 2016 to 2021,5.3,,,,...,...,<a target='_blank' href='https://yukon.maps.arcgis.com/apps/dashboards/2b0cac7ad3b44cbea449bda319e6a352#GEO_CODE=6001048'>View boundary on map</a>,,6001048
2021,Carcross,Total private dwellings,229,,,,...,...,<a target='_blank' href='https://yukon.maps.arcgis.com/apps/dashboards/2b0cac7ad3b44cbea449bda319e6a352#GEO_CODE=6001048'>View boundary on map</a>,<a target='_blank' href='https://community-statistics.service.yukon.ca/pages/census-2021-data-notes#datanote2'>2</a>,6001048
2021,Carcross,Private dwellings occupied by usual residents,168,,,,...,...,<a target='_blank' href='https://yukon.maps.arcgis.com/apps/dashboards/2b0cac7ad3b44cbea449bda319e6a352#GEO_CODE=6001048'>View boundary on map</a>,<a target='_blank' href='https://community-statistics.service.yukon.ca/pages/census-2021-data-notes#datanote3'>3</a>,6001048
2021,Carcross,Population density per square kilometre,20.4,,,,...,...,<a target='_blank' href='https://yukon.maps.arcgis.com/apps/dashboards/2b0cac7ad3b44cbea449bda319e6a352#GEO_CODE=6001048'>View boundary on map</a>,,6001048
2021,Carcross,Land area in square kilometres,15.56,,,,...,...,<a target='_blank' href='https://yukon.maps.arcgis.com/apps/dashboards/2b0cac7ad3b44cbea449bda319e6a352#GEO_CODE=6001048'>View boundary on map</a>,,6001048
2021,Carcross 4,Population; 2021,37,,,,...,...,<a target='_blank' href='https://yukon.maps.arcgis.com/apps/dashboards/2b0cac7ad3b44cbea449bda319e6a352#GEO_CODE=6001008'>View boundary on map</a>,<a target='_blank' href='https://community-statistics.service.yukon.ca/pages/census-2021-data-notes#datanote1'>1</a>,6001008
2021,Carcross 4,Population; 2016,35,,,,...,...,<a target='_blank' href='https://yukon.maps.arcgis.com/apps/dashboards/2b0cac7ad3b44cbea449bda319e6a352#GEO_CODE=6001008'>View boundary on map</a>,<a target='_blank' href='https://community-statistics.service.yukon.ca/pages/census-2021-data-notes#datanote1'>1</a>,6001008
2021,Carcross 4,Population percentage change; 2016 to 2021,5.7,,,,...,...,<a target='_blank' href='https://yukon.maps.arcgis.com/apps/dashboards/2b0cac7ad3b44cbea449bda319e6a352#GEO_CODE=6001008'>View boundary on map</a>,,6001008
2021,Carcross 4,Total private dwellings,16,,,,...,...,<a target='_blank' href='https://yukon.maps.arcgis.com/apps/dashboards/2b0cac7ad3b44cbea449bda319e6a352#GEO_CODE=6001008'>View boundary on map</a>,<a target='_blank' href='https://community-statistics.service.yukon.ca/pages/census-2021-data-notes#datanote2'>2</a>,6001008
2021,Carcross 4,Private dwellings occupied by usual residents,16,,,,...,...,<a target='_blank' href='https://yukon.maps.arcgis.com/apps/dashboards/2b0cac7ad3b44cbea449bda319e6a352#GEO_CODE=6001008'>View boundary on map</a>,<a target='_blank' href='https://community-statistics.service.yukon.ca/pages/census-2021-data-notes#datanote3'>3</a>,6001008
2021,Carcross 4,Population density per square kilometre,64.1,,,,...,...,<a target='_blank' href='https://yukon.maps.arcgis.com/apps/dashboards/2b0cac7ad3b44cbea449bda319e6a352#GEO_CODE=6001008'>View boundary on map</a>,,6001008
2021,Carcross 4,Land area in square kilometres,0.58,,,,...,...,<a target='_blank' href='https://yukon.maps.arcgis.com/apps/dashboards/2b0cac7ad3b44cbea449bda319e6a352#GEO_CODE=6001008'>View boundary on map</a>,,6001008
2021,Carmacks,Population; 2021,588,,,,...,...,<a target='_blank' href='https://yukon.maps.arcgis.com/apps/dashboards/2b0cac7ad3b44cbea449bda319e6a352#GEO_CODE=6001012'>View boundary on map</a>,<a target='_blank' href='https://community-statistics.service.yukon.ca/pages/census-2021-data-notes#datanote1'>1</a>,6001012
2021,Carmacks,Population; 2016,493,,,,...,...,<a target='_blank' href='https://yukon.maps.arcgis.com/apps/dashboards/2b0cac7ad3b44cbea449bda319e6a352#GEO_CODE=6001012'>View boundary on map</a>,<a target='_blank' href='https://community-statistics.service.yukon.ca/pages/census-2021-data-notes#datanote1'>1</a>,6001012
2021,Carmacks,Population percentage change; 2016 to 2021,19.3,,,,...,...,<a target='_blank' href='https://yukon.maps.arcgis.com/apps/dashboards/2b0cac7ad3b44cbea449bda319e6a352#GEO_CODE=6001012'>View boundary on map</a>,,6001012
2021,Carmacks,Total private dwellings,302,,,,...,...,<a target='_blank' href='https://yukon.maps.arcgis.com/apps/dashboards/2b0cac7ad3b44cbea449bda319e6a352#GEO_CODE=6001012'>View boundary on map</a>,<a target='_blank' href='https://community-statistics.service.yukon.ca/pages/census-2021-data-notes#datanote2'>2</a>,6001012
2021,Carmacks,Private dwellings occupied by usual residents,263,,,,...,...,<a target='_blank' href='https://yukon.maps.arcgis.com/apps/dashboards/2b0cac7ad3b44cbea449bda319e6a352#GEO_CODE=6001012'>View boundary on map</a>,<a target='_blank' href='https://community-statistics.service.yukon.ca/pages/census-2021-data-notes#datanote3'>3</a>,6001012
2021,Carmacks,Population density per square kilometre,15.9,,,,...,...,<a target='_blank' href='https://yukon.maps.arcgis.com/apps/dashboards/2b0cac7ad3b44cbea449bda319e6a352#GEO_CODE=6001012'>View boundary on map</a>,,6001012
2021,Carmacks,Land area in square kilometres,36.87,,,,...,...,<a target='_blank' href='https://yukon.maps.arcgis.com/apps/dashboards/2b0cac7ad3b44cbea449bda319e6a352#GEO_CODE=6001012'>View boundary on map</a>,,6001012
2021,Champagne Landing 10,Population; 2021,22,,,,...,...,<a target='_blank' href='https://yukon.maps.arcgis.com/apps/dashboards/2b0cac7ad3b44cbea449bda319e6a352#GEO_CODE=6001038'>View boundary on map</a>,<a target='_blank' href='https://community-statistics.service.yukon.ca/pages/census-2021-data-notes#datanote1'>1</a>,6001038
2021,Champagne Landing 10,Population; 2016,20,,,r,...,...,<a target='_blank' href='https://yukon.maps.arcgis.com/apps/dashboards/2b0cac7ad3b44cbea449bda319e6a352#GEO_CODE=6001038'>View boundary on map</a>,<a target='_blank' href='https://community-statistics.service.yukon.ca/pages/census-2021-data-notes#datanote1'>1</a>,6001038
2021,Champagne Landing 10,Population percentage change; 2016 to 2021,10,,,,...,...,<a target='_blank' href='https://yukon.maps.arcgis.com/apps/dashboards/2b0cac7ad3b44cbea449bda319e6a352#GEO_CODE=6001038'>View boundary on map</a>,,6001038
2021,Champagne Landing 10,Total private dwellings,30,,,,...,...,<a target='_blank' href='https://yukon.maps.arcgis.com/apps/dashboards/2b0cac7ad3b44cbea449bda319e6a352#GEO_CODE=6001038'>View boundary on map</a>,<a target='_blank' href='https://community-statistics.service.yukon.ca/pages/census-2021-data-notes#datanote2'>2</a>,6001038
2021,Champagne Landing 10,Private dwellings occupied by usual residents,17,,,,...,...,<a target='_blank' href='https://yukon.maps.arcgis.com/apps/dashboards/2b0cac7ad3b44cbea449bda319e6a352#GEO_CODE=6001038'>View boundary on map</a>,<a target='_blank' href='https://community-statistics.service.yukon.ca/pages/census-2021-data-notes#datanote3'>3</a>,6001038
2021,Champagne Landing 10,Population density per square kilometre,4.6,,,,...,...,<a target='_blank' href='https://yukon.maps.arcgis.com/apps/dashboards/2b0cac7ad3b44cbea449bda319e6a352#GEO_CODE=6001038'>View boundary on map</a>,,6001038
2021,Champagne Landing 10,Land area in square kilometres,4.82,,,,...,...,<a target='_blank' href='https://yukon.maps.arcgis.com/apps/dashboards/2b0cac7ad3b44cbea449bda319e6a352#GEO_CODE=6001038'>View boundary on map</a>,,6001038
2021,Dawson,Population; 2021,1577,,,,...,...,<a target='_blank' href='https://yukon.maps.arcgis.com/apps/dashboards/2b0cac7ad3b44cbea449bda319e6a352#GEO_CODE=6001029'>View boundary on map</a>,<a target='_blank' href='https://community-statistics.service.yukon.ca/pages/census-2021-data-notes#datanote1'>1</a>,6001029
2021,Dawson,Population; 2016,1375,,,,...,...,<a target='_blank' href='https://yukon.maps.arcgis.com/apps/dashboards/2b0cac7ad3b44cbea449bda319e6a352#GEO_CODE=6001029'>View boundary on map</a>,<a target='_blank' href='https://community-statistics.service.yukon.ca/pages/census-2021-data-notes#datanote1'>1</a>,6001029
2021,Dawson,Population percentage change; 2016 to 2021,14.7,,,,...,...,<a target='_blank' href='https://yukon.maps.arcgis.com/apps/dashboards/2b0cac7ad3b44cbea449bda319e6a352#GEO_CODE=6001029'>View boundary on map</a>,,6001029
2021,Dawson,Total private dwellings,836,,,,...,...,<a target='_blank' href='https://yukon.maps.arcgis.com/apps/dashboards/2b0cac7ad3b44cbea449bda319e6a352#GEO_CODE=6001029'>View boundary on map</a>,<a target='_blank' href='https://community-statistics.service.yukon.ca/pages/census-2021-data-notes#datanote2'>2</a>,6001029
2021,Dawson,Private dwellings occupied by usual residents,770,,,,...,...,<a target='_blank' href='https://yukon.maps.arcgis.com/apps/dashboards/2b0cac7ad3b44cbea449bda319e6a352#GEO_CODE=6001029'>View boundary on map</a>,<a target='_blank' href='https://community-statistics.service.yukon.ca/pages/census-2021-data-notes#datanote3'>3</a>,6001029
2021,Dawson,Population density per square kilometre,51,,,,...,...,<a target='_blank' href='https://yukon.maps.arcgis.com/apps/dashboards/2b0cac7ad3b44cbea449bda319e6a352#GEO_CODE=6001029'>View boundary on map</a>,,6001029
2021,Dawson,Land area in square kilometres,30.91,,,,...,...,<a target='_blank' href='https://yukon.maps.arcgis.com/apps/dashboards/2b0cac7ad3b44cbea449bda319e6a352#GEO_CODE=6001029'>View boundary on map</a>,,6001029
2021,Destruction Bay,Population; 2021,40,,,,...,...,<a target='_blank' href='https://yukon.maps.arcgis.com/apps/dashboards/2b0cac7ad3b44cbea449bda319e6a352#GEO_CODE=6001049'>View boundary on map</a>,<a target='_blank' href='https://community-statistics.service.yukon.ca/pages/census-2021-data-notes#datanote1'>1</a>,6001049
2021,Destruction Bay,Population; 2016,55,,,,...,...,<a target='_blank' href='https://yukon.maps.arcgis.com/apps/dashboards/2b0cac7ad3b44cbea449bda319e6a352#GEO_CODE=6001049'>View boundary on map</a>,<a target='_blank' href='https://community-statistics.service.yukon.ca/pages/census-2021-data-notes#datanote1'>1</a>,6001049
2021,Destruction Bay,Population percentage change; 2016 to 2021,-27.3,,,,...,...,<a target='_blank' href='https://yukon.maps.arcgis.com/apps/dashboards/2b0cac7ad3b44cbea449bda319e6a352#GEO_CODE=6001049'>View boundary on map</a>,,6001049
2021,Destruction Bay,Total private dwellings,32,,,,...,...,<a target='_blank' href='https://yukon.maps.arcgis.com/apps/dashboards/2b0cac7ad3b44cbea449bda319e6a352#GEO_CODE=6001049'>View boundary on map</a>,<a target='_blank' href='https://community-statistics.service.yukon.ca/pages/census-2021-data-notes#datanote2'>2</a>,6001049
2021,Destruction Bay,Private dwellings occupied by usual residents,16,,,,...,...,<a target='_blank' href='https://yukon.maps.arcgis.com/apps/dashboards/2b0cac7ad3b44cbea449bda319e6a352#GEO_CODE=6001049'>View boundary on map</a>,<a target='_blank' href='https://community-statistics.service.yukon.ca/pages/census-2021-data-notes#datanote3'>3</a>,6001049
2021,Destruction Bay,Population density per square kilometre,2.9,,,,...,...,<a target='_blank' href='https://yukon.maps.arcgis.com/apps/dashboards/2b0cac7ad3b44cbea449bda319e6a352#GEO_CODE=6001049'>View boundary on map</a>,,6001049
2021,Destruction Bay,Land area in square kilometres,13.9,,,,...,...,<a target='_blank' href='https://yukon.maps.arcgis.com/apps/dashboards/2b0cac7ad3b44cbea449bda319e6a352#GEO_CODE=6001049'>View boundary on map</a>,,6001049
2021,Faro,Population; 2021,440,,,,...,...,<a target='_blank' href='https://yukon.maps.arcgis.com/apps/dashboards/2b0cac7ad3b44cbea449bda319e6a352#GEO_CODE=6001004'>View boundary on map</a>,<a target='_blank' href='https://community-statistics.service.yukon.ca/pages/census-2021-data-notes#datanote1'>1</a>,6001004
2021,Faro,Population; 2016,348,,,,...,...,<a target='_blank' href='https://yukon.maps.arcgis.com/apps/dashboards/2b0cac7ad3b44cbea449bda319e6a352#GEO_CODE=6001004'>View boundary on map</a>,<a target='_blank' href='https://community-statistics.service.yukon.ca/pages/census-2021-data-notes#datanote1'>1</a>,6001004
2021,Faro,Population percentage change; 2016 to 2021,26.4,,,,...,...,<a target='_blank' href='https://yukon.maps.arcgis.com/apps/dashboards/2b0cac7ad3b44cbea449bda319e6a352#GEO_CODE=6001004'>View boundary on map</a>,,6001004
2021,Faro,Total private dwellings,423,,,,...,...,<a target='_blank' href='https://yukon.maps.arcgis.com/apps/dashboards/2b0cac7ad3b44cbea449bda319e6a352#GEO_CODE=6001004'>View boundary on map</a>,<a target='_blank' href='https://community-statistics.service.yukon.ca/pages/census-2021-data-notes#datanote2'>2</a>,6001004
2021,Faro,Private dwellings occupied by usual residents,210,,,,...,...,<a target='_blank' href='https://yukon.maps.arcgis.com/apps/dashboards/2b0cac7ad3b44cbea449bda319e6a352#GEO_CODE=6001004'>View boundary on map</a>,<a target='_blank' href='https://community-statistics.service.yukon.ca/pages/census-2021-data-notes#datanote3'>3</a>,6001004
2021,Faro,Population density per square kilometre,2.2,,,,...,...,<a target='_blank' href='https://yukon.maps.arcgis.com/apps/dashboards/2b0cac7ad3b44cbea449bda319e6a352#GEO_CODE=6001004'>View boundary on map</a>,,6001004
2021,Faro,Land area in square kilometres,199.89,,,,...,...,<a target='_blank' href='https://yukon.maps.arcgis.com/apps/dashboards/2b0cac7ad3b44cbea449bda319e6a352#GEO_CODE=6001004'>View boundary on map</a>,,6001004
2021,Haines Junction,Population; 2021,688,,,,...,...,<a target='_blank' href='https://yukon.maps.arcgis.com/apps/dashboards/2b0cac7ad3b44cbea449bda319e6a352#GEO_CODE=6001018'>View boundary on map</a>,<a target='_blank' href='https://community-statistics.service.yukon.ca/pages/census-2021-data-notes#datanote1'>1</a>,6001018
2021,Haines Junction,Population; 2016,613,,,,...,...,<a target='_blank' href='https://yukon.maps.arcgis.com/apps/dashboards/2b0cac7ad3b44cbea449bda319e6a352#GEO_CODE=6001018'>View boundary on map</a>,<a target='_blank' href='https://community-statistics.service.yukon.ca/pages/census-2021-data-notes#datanote1'>1</a>,6001018
2021,Haines Junction,Population percentage change; 2016 to 2021,12.2,,,,...,...,<a target='_blank' href='https://yukon.maps.arcgis.com/apps/dashboards/2b0cac7ad3b44cbea449bda319e6a352#GEO_CODE=6001018'>View boundary on map</a>,,6001018
2021,Haines Junction,Total private dwellings,380,,,,...,...,<a target='_blank' href='https://yukon.maps.arcgis.com/apps/dashboards/2b0cac7ad3b44cbea449bda319e6a352#GEO_CODE=6001018'>View boundary on map</a>,<a target='_blank' href='https://community-statistics.service.yukon.ca/pages/census-2021-data-notes#datanote2'>2</a>,6001018
2021,Haines Junction,Private dwellings occupied by usual residents,311,,,,...,...,<a target='_blank' href='https://yukon.maps.arcgis.com/apps/dashboards/2b0cac7ad3b44cbea449bda319e6a352#GEO_CODE=6001018'>View boundary on map</a>,<a target='_blank' href='https://community-statistics.service.yukon.ca/pages/census-2021-data-notes#datanote3'>3</a>,6001018
2021,Haines Junction,Population density per square kilometre,20.1,,,,...,...,<a target='_blank' href='https://yukon.maps.arcgis.com/apps/dashboards/2b0cac7ad3b44cbea449bda319e6a352#GEO_CODE=6001018'>View boundary on map</a>,,6001018
2021,Haines Junction,Land area in square kilometres,34.3,,,,...,...,<a target='_blank' href='https://yukon.maps.arcgis.com/apps/dashboards/2b0cac7ad3b44cbea449bda319e6a352#GEO_CODE=6001018'>View boundary on map</a>,,6001018
2021,Ibex Valley,Population; 2021,523,,,,...,...,<a target='_blank' href='https://yukon.maps.arcgis.com/apps/dashboards/2b0cac7ad3b44cbea449bda319e6a352#GEO_CODE=6001055'>View boundary on map</a>,<a target='_blank' href='https://community-statistics.service.yukon.ca/pages/census-2021-data-notes#datanote1'>1</a>,6001055
2021,Ibex Valley,Population; 2016,411,,,,...,...,<a target='_blank' href='https://yukon.maps.arcgis.com/apps/dashboards/2b0cac7ad3b44cbea449bda319e6a352#GEO_CODE=6001055'>View boundary on map</a>,<a target='_blank' href='https://community-statistics.service.yukon.ca/pages/census-2021-data-notes#datanote1'>1</a>,6001055
2021,Ibex Valley,Population percentage change; 2016 to 2021,27.3,,,,...,...,<a target='_blank' href='https://yukon.maps.arcgis.com/apps/dashboards/2b0cac7ad3b44cbea449bda319e6a352#GEO_CODE=6001055'>View boundary on map</a>,,6001055
2021,Ibex Valley,Total private dwellings,261,,,,...,...,<a target='_blank' href='https://yukon.maps.arcgis.com/apps/dashboards/2b0cac7ad3b44cbea449bda319e6a352#GEO_CODE=6001055'>View boundary on map</a>,<a target='_blank' href='https://community-statistics.service.yukon.ca/pages/census-2021-data-notes#datanote2'>2</a>,6001055
2021,Ibex Valley,Private dwellings occupied by usual residents,225,,,,...,...,<a target='_blank' href='https://yukon.maps.arcgis.com/apps/dashboards/2b0cac7ad3b44cbea449bda319e6a352#GEO_CODE=6001055'>View boundary on map</a>,<a target='_blank' href='https://community-statistics.service.yukon.ca/pages/census-2021-data-notes#datanote3'>3</a>,6001055
2021,Ibex Valley,Population density per square kilometre,2.5,,,,...,...,<a target='_blank' href='https://yukon.maps.arcgis.com/apps/dashboards/2b0cac7ad3b44cbea449bda319e6a352#GEO_CODE=6001055'>View boundary on map</a>,,6001055
2021,Ibex Valley,Land area in square kilometres,207.13,,,,...,...,<a target='_blank' href='https://yukon.maps.arcgis.com/apps/dashboards/2b0cac7ad3b44cbea449bda319e6a352#GEO_CODE=6001055'>View boundary on map</a>,,6001055
2021,Johnsons Crossing,Population; 2021,10,,,,...,...,<a target='_blank' href='https://yukon.maps.arcgis.com/apps/dashboards/2b0cac7ad3b44cbea449bda319e6a352#GEO_CODE=6001047'>View boundary on map</a>,<a target='_blank' href='https://community-statistics.service.yukon.ca/pages/census-2021-data-notes#datanote1'>1</a>,6001047
2021,Johnsons Crossing,Population; 2016,10,,,,...,...,<a target='_blank' href='https://yukon.maps.arcgis.com/apps/dashboards/2b0cac7ad3b44cbea449bda319e6a352#GEO_CODE=6001047'>View boundary on map</a>,<a target='_blank' href='https://community-statistics.service.yukon.ca/pages/census-2021-data-notes#datanote1'>1</a>,6001047
2021,Johnsons Crossing,Population percentage change; 2016 to 2021,0,,,,...,...,<a target='_blank' href='https://yukon.maps.arcgis.com/apps/dashboards/2b0cac7ad3b44cbea449bda319e6a352#GEO_CODE=6001047'>View boundary on map</a>,,6001047
2021,Johnsons Crossing,Total private dwellings,12,,,,...,...,<a target='_blank' href='https://yukon.maps.arcgis.com/apps/dashboards/2b0cac7ad3b44cbea449bda319e6a352#GEO_CODE=6001047'>View boundary on map</a>,<a target='_blank' href='https://community-statistics.service.yukon.ca/pages/census-2021-data-notes#datanote2'>2</a>,6001047
2021,Johnsons Crossing,Private dwellings occupied by usual residents,3,,,,...,...,<a target='_blank' href='https://yukon.maps.arcgis.com/apps/dashboards/2b0cac7ad3b44cbea449bda319e6a352#GEO_CODE=6001047'>View boundary on map</a>,<a target='_blank' href='https://community-statistics.service.yukon.ca/pages/census-2021-data-notes#datanote3'>3</a>,6001047
2021,Johnsons Crossing,Population density per square kilometre,0.5,,,,...,...,<a target='_blank' href='https://yukon.maps.arcgis.com/apps/dashboards/2b0cac7ad3b44cbea449bda319e6a352#GEO_CODE=6001047'>View boundary on map</a>,,6001047
2021,Johnsons Crossing,Land area in square kilometres,21.98,,,,...,...,<a target='_blank' href='https://yukon.maps.arcgis.com/apps/dashboards/2b0cac7ad3b44cbea449bda319e6a352#GEO_CODE=6001047'>View boundary on map</a>,,6001047
2021,Keno Hill,Population; 2021,20,,,,...,...,<a target='_blank' href='https://yukon.maps.arcgis.com/apps/dashboards/2b0cac7ad3b44cbea449bda319e6a352#GEO_CODE=6001052'>View boundary on map</a>,<a target='_blank' href='https://community-statistics.service.yukon.ca/pages/census-2021-data-notes#datanote1'>1</a>,6001052
2021,Keno Hill,Population; 2016,20,,,,...,...,<a target='_blank' href='https://yukon.maps.arcgis.com/apps/dashboards/2b0cac7ad3b44cbea449bda319e6a352#GEO_CODE=6001052'>View boundary on map</a>,<a target='_blank' href='https://community-statistics.service.yukon.ca/pages/census-2021-data-notes#datanote1'>1</a>,6001052
2021,Keno Hill,Population percentage change; 2016 to 2021,0,,,,...,...,<a target='_blank' href='https://yukon.maps.arcgis.com/apps/dashboards/2b0cac7ad3b44cbea449bda319e6a352#GEO_CODE=6001052'>View boundary on map</a>,,6001052
2021,Keno Hill,Total private dwellings,52,,,,...,...,<a target='_blank' href='https://yukon.maps.arcgis.com/apps/dashboards/2b0cac7ad3b44cbea449bda319e6a352#GEO_CODE=6001052'>View boundary on map</a>,<a target='_blank' href='https://community-statistics.service.yukon.ca/pages/census-2021-data-notes#datanote2'>2</a>,6001052
2021,Keno Hill,Private dwellings occupied by usual residents,16,,,,...,...,<a target='_blank' href='https://yukon.maps.arcgis.com/apps/dashboards/2b0cac7ad3b44cbea449bda319e6a352#GEO_CODE=6001052'>View boundary on map</a>,<a target='_blank' href='https://community-statistics.service.yukon.ca/pages/census-2021-data-notes#datanote3'>3</a>,6001052
2021,Keno Hill,Population density per square kilometre,0.4,,,,...,...,<a target='_blank' href='https://yukon.maps.arcgis.com/apps/dashboards/2b0cac7ad3b44cbea449bda319e6a352#GEO_CODE=6001052'>View boundary on map</a>,,6001052
2021,Keno Hill,Land area in square kilometres,53.88,,,,...,...,<a target='_blank' href='https://yukon.maps.arcgis.com/apps/dashboards/2b0cac7ad3b44cbea449bda319e6a352#GEO_CODE=6001052'>View boundary on map</a>,,6001052
2021,Kloo Lake,Population; 2021,0,,,,...,...,<a target='_blank' href='https://yukon.maps.arcgis.com/apps/dashboards/2b0cac7ad3b44cbea449bda319e6a352#GEO_CODE=6001019'>View boundary on map</a>,<a target='_blank' href='https://community-statistics.service.yukon.ca/pages/census-2021-data-notes#datanote1'>1</a>,6001019
2021,Kloo Lake,Population; 2016,0,,,,...,...,<a target='_blank' href='https://yukon.maps.arcgis.com/apps/dashboards/2b0cac7ad3b44cbea449bda319e6a352#GEO_CODE=6001019'>View boundary on map</a>,<a target='_blank' href='https://community-statistics.service.yukon.ca/pages/census-2021-data-notes#datanote1'>1</a>,6001019
2021,Kloo Lake,Population percentage change; 2016 to 2021,,,,...,...,...,<a target='_blank' href='https://yukon.maps.arcgis.com/apps/dashboards/2b0cac7ad3b44cbea449bda319e6a352#GEO_CODE=6001019'>View boundary on map</a>,,6001019
2021,Kloo Lake,Total private dwellings,2,,,,...,...,<a target='_blank' href='https://yukon.maps.arcgis.com/apps/dashboards/2b0cac7ad3b44cbea449bda319e6a352#GEO_CODE=6001019'>View boundary on map</a>,<a target='_blank' href='https://community-statistics.service.yukon.ca/pages/census-2021-data-notes#datanote2'>2</a>,6001019
2021,Kloo Lake,Private dwellings occupied by usual residents,1,,,,...,...,<a target='_blank' href='https://yukon.maps.arcgis.com/apps/dashboards/2b0cac7ad3b44cbea449bda319e6a352#GEO_CODE=6001019'>View boundary on map</a>,<a target='_blank' href='https://community-statistics.service.yukon.ca/pages/census-2021-data-notes#datanote3'>3</a>,6001019
2021,Kloo Lake,Population density per square kilometre,0,,,,...,...,<a target='_blank' href='https://yukon.maps.arcgis.com/apps/dashboards/2b0cac7ad3b44cbea449bda319e6a352#GEO_CODE=6001019'>View boundary on map</a>,,6001019
2021,Kloo Lake,Land area in square kilometres,33.45,,,,...,...,<a target='_blank' href='https://yukon.maps.arcgis.com/apps/dashboards/2b0cac7ad3b44cbea449bda319e6a352#GEO_CODE=6001019'>View boundary on map</a>,,6001019
2021,Lake Laberge 1,Population; 2021,24,,,,...,...,<a target='_blank' href='https://yukon.maps.arcgis.com/apps/dashboards/2b0cac7ad3b44cbea449bda319e6a352#GEO_CODE=6001010'>View boundary on map</a>,<a target='_blank' href='https://community-statistics.service.yukon.ca/pages/census-2021-data-notes#datanote1'>1</a>,6001010
2021,Lake Laberge 1,Population; 2016,25,,,,...,...,<a target='_blank' href='https://yukon.maps.arcgis.com/apps/dashboards/2b0cac7ad3b44cbea449bda319e6a352#GEO_CODE=6001010'>View boundary on map</a>,<a target='_blank' href='https://community-statistics.service.yukon.ca/pages/census-2021-data-notes#datanote1'>1</a>,6001010
2021,Lake Laberge 1,Population percentage change; 2016 to 2021,-4,,,,...,...,<a target='_blank' href='https://yukon.maps.arcgis.com/apps/dashboards/2b0cac7ad3b44cbea449bda319e6a352#GEO_CODE=6001010'>View boundary on map</a>,,6001010
2021,Lake Laberge 1,Total private dwellings,13,,,,...,...,<a target='_blank' href='https://yukon.maps.arcgis.com/apps/dashboards/2b0cac7ad3b44cbea449bda319e6a352#GEO_CODE=6001010'>View boundary on map</a>,<a target='_blank' href='https://community-statistics.service.yukon.ca/pages/census-2021-data-notes#datanote2'>2</a>,6001010
2021,Lake Laberge 1,Private dwellings occupied by usual residents,10,,,,...,...,<a target='_blank' href='https://yukon.maps.arcgis.com/apps/dashboards/2b0cac7ad3b44cbea449bda319e6a352#GEO_CODE=6001010'>View boundary on map</a>,<a target='_blank' href='https://community-statistics.service.yukon.ca/pages/census-2021-data-notes#datanote3'>3</a>,6001010
2021,Lake Laberge 1,Population density per square kilometre,20.4,,,,...,...,<a target='_blank' href='https://yukon.maps.arcgis.com/apps/dashboards/2b0cac7ad3b44cbea449bda319e6a352#GEO_CODE=6001010'>View boundary on map</a>,,6001010
2021,Lake Laberge 1,Land area in square kilometres,1.17,,,,...,...,<a target='_blank' href='https://yukon.maps.arcgis.com/apps/dashboards/2b0cac7ad3b44cbea449bda319e6a352#GEO_CODE=6001010'>View boundary on map</a>,,6001010
2021,Macpherson-Grizzly Valley,Population; 2021,1540,,,,...,...,<a target='_blank' href='https://yukon.maps.arcgis.com/apps/dashboards/2b0cac7ad3b44cbea449bda319e6a352#GEO_CODE=6001059'>View boundary on map</a>,<a target='_blank' href='https://community-statistics.service.yukon.ca/pages/census-2021-data-notes#datanote1'>1</a>,6001059
2021,Macpherson-Grizzly Valley,Population; 2016,1245,,,,...,...,<a target='_blank' href='https://yukon.maps.arcgis.com/apps/dashboards/2b0cac7ad3b44cbea449bda319e6a352#GEO_CODE=6001059'>View boundary on map</a>,<a target='_blank' href='https://community-statistics.service.yukon.ca/pages/census-2021-data-notes#datanote1'>1</a>,6001059
2021,Macpherson-Grizzly Valley,Population percentage change; 2016 to 2021,23.7,,,,...,...,<a target='_blank' href='https://yukon.maps.arcgis.com/apps/dashboards/2b0cac7ad3b44cbea449bda319e6a352#GEO_CODE=6001059'>View boundary on map</a>,,6001059
2021,Macpherson-Grizzly Valley,Total private dwellings,865,,,,...,...,<a target='_blank' href='https://yukon.maps.arcgis.com/apps/dashboards/2b0cac7ad3b44cbea449bda319e6a352#GEO_CODE=6001059'>View boundary on map</a>,<a target='_blank' href='https://community-statistics.service.yukon.ca/pages/census-2021-data-notes#datanote2'>2</a>,6001059
2021,Macpherson-Grizzly Valley,Private dwellings occupied by usual residents,713,,,,...,...,<a target='_blank' href='https://yukon.maps.arcgis.com/apps/dashboards/2b0cac7ad3b44cbea449bda319e6a352#GEO_CODE=6001059'>View boundary on map</a>,<a target='_blank' href='https://community-statistics.service.yukon.ca/pages/census-2021-data-notes#datanote3'>3</a>,6001059
2021,Macpherson-Grizzly Valley,Population density per square kilometre,0.8,,,,...,...,<a target='_blank' href='https://yukon.maps.arcgis.com/apps/dashboards/2b0cac7ad3b44cbea449bda319e6a352#GEO_CODE=6001059'>View boundary on map</a>,,6001059
2021,Macpherson-Grizzly Valley,Land area in square kilometres,1834.28,,,,...,...,<a target='_blank' href='https://yukon.maps.arcgis.com/apps/dashboards/2b0cac7ad3b44cbea449bda319e6a352#GEO_CODE=6001059'>View boundary on map</a>,,6001059
2021,Marsh Lake,Population; 2021,746,,,,...,...,<a target='_blank' href='https://yukon.maps.arcgis.com/apps/dashboards/2b0cac7ad3b44cbea449bda319e6a352#GEO_CODE=6001058'>View boundary on map</a>,<a target='_blank' href='https://community-statistics.service.yukon.ca/pages/census-2021-data-notes#datanote1'>1</a>,6001058
2021,Marsh Lake,Population; 2016,696,,,,...,...,<a target='_blank' href='https://yukon.maps.arcgis.com/apps/dashboards/2b0cac7ad3b44cbea449bda319e6a352#GEO_CODE=6001058'>View boundary on map</a>,<a target='_blank' href='https://community-statistics.service.yukon.ca/pages/census-2021-data-notes#datanote1'>1</a>,6001058
2021,Marsh Lake,Population percentage change; 2016 to 2021,7.2,,,,...,...,<a target='_blank' href='https://yukon.maps.arcgis.com/apps/dashboards/2b0cac7ad3b44cbea449bda319e6a352#GEO_CODE=6001058'>View boundary on map</a>,,6001058
2021,Marsh Lake,Total private dwellings,527,,,,...,...,<a target='_blank' href='https://yukon.maps.arcgis.com/apps/dashboards/2b0cac7ad3b44cbea449bda319e6a352#GEO_CODE=6001058'>View boundary on map</a>,<a target='_blank' href='https://community-statistics.service.yukon.ca/pages/census-2021-data-notes#datanote2'>2</a>,6001058
2021,Marsh Lake,Private dwellings occupied by usual residents,377,,,,...,...,<a target='_blank' href='https://yukon.maps.arcgis.com/apps/dashboards/2b0cac7ad3b44cbea449bda319e6a352#GEO_CODE=6001058'>View boundary on map</a>,<a target='_blank' href='https://community-statistics.service.yukon.ca/pages/census-2021-data-notes#datanote3'>3</a>,6001058
2021,Marsh Lake,Population density per square kilometre,0.9,,,,...,...,<a target='_blank' href='https://yukon.maps.arcgis.com/apps/dashboards/2b0cac7ad3b44cbea449bda319e6a352#GEO_CODE=6001058'>View boundary on map</a>,,6001058
2021,Marsh Lake,Land area in square kilometres,817.11,,,,...,...,<a target='_blank' href='https://yukon.maps.arcgis.com/apps/dashboards/2b0cac7ad3b44cbea449bda319e6a352#GEO_CODE=6001058'>View boundary on map</a>,,6001058
2021,Mayo,Population; 2021,188,,,,...,...,<a target='_blank' href='https://yukon.maps.arcgis.com/apps/dashboards/2b0cac7ad3b44cbea449bda319e6a352#GEO_CODE=6001022'>View boundary on map</a>,<a target='_blank' href='https://community-statistics.service.yukon.ca/pages/census-2021-data-notes#datanote1'>1</a>,6001022
2021,Mayo,Population; 2016,200,,,,...,...,<a target='_blank' href='https://yukon.maps.arcgis.com/apps/dashboards/2b0cac7ad3b44cbea449bda319e6a352#GEO_CODE=6001022'>View boundary on map</a>,<a target='_blank' href='https://community-statistics.service.yukon.ca/pages/census-2021-data-notes#datanote1'>1</a>,6001022
2021,Mayo,Population percentage change; 2016 to 2021,-6,,,,...,...,<a target='_blank' href='https://yukon.maps.arcgis.com/apps/dashboards/2b0cac7ad3b44cbea449bda319e6a352#GEO_CODE=6001022'>View boundary on map</a>,,6001022
2021,Mayo,Total private dwellings,149,,,,...,...,<a target='_blank' href='https://yukon.maps.arcgis.com/apps/dashboards/2b0cac7ad3b44cbea449bda319e6a352#GEO_CODE=6001022'>View boundary on map</a>,<a target='_blank' href='https://community-statistics.service.yukon.ca/pages/census-2021-data-notes#datanote2'>2</a>,6001022
2021,Mayo,Private dwellings occupied by usual residents,108,,,,...,...,<a target='_blank' href='https://yukon.maps.arcgis.com/apps/dashboards/2b0cac7ad3b44cbea449bda319e6a352#GEO_CODE=6001022'>View boundary on map</a>,<a target='_blank' href='https://community-statistics.service.yukon.ca/pages/census-2021-data-notes#datanote3'>3</a>,6001022
2021,Mayo,Population density per square kilometre,191.4,,,,...,...,<a target='_blank' href='https://yukon.maps.arcgis.com/apps/dashboards/2b0cac7ad3b44cbea449bda319e6a352#GEO_CODE=6001022'>View boundary on map</a>,,6001022
2021,Mayo,Land area in square kilometres,0.98,,,,...,...,<a target='_blank' href='https://yukon.maps.arcgis.com/apps/dashboards/2b0cac7ad3b44cbea449bda319e6a352#GEO_CODE=6001022'>View boundary on map</a>,,6001022
2021,Moosehide Creek 2,Population; 2021,0,,,,...,...,<a target='_blank' href='https://yukon.maps.arcgis.com/apps/dashboards/2b0cac7ad3b44cbea449bda319e6a352#GEO_CODE=6001031'>View boundary on map</a>,<a target='_blank' href='https://community-statistics.service.yukon.ca/pages/census-2021-data-notes#datanote1'>1</a>,6001031
2021,Moosehide Creek 2,Population; 2016,0,,,,...,...,<a target='_blank' href='https://yukon.maps.arcgis.com/apps/dashboards/2b0cac7ad3b44cbea449bda319e6a352#GEO_CODE=6001031'>View boundary on map</a>,<a target='_blank' href='https://community-statistics.service.yukon.ca/pages/census-2021-data-notes#datanote1'>1</a>,6001031
2021,Moosehide Creek 2,Population percentage change; 2016 to 2021,,,,...,...,...,<a target='_blank' href='https://yukon.maps.arcgis.com/apps/dashboards/2b0cac7ad3b44cbea449bda319e6a352#GEO_CODE=6001031'>View boundary on map</a>,,6001031
2021,Moosehide Creek 2,Total private dwellings,0,,,,...,...,<a target='_blank' href='https://yukon.maps.arcgis.com/apps/dashboards/2b0cac7ad3b44cbea449bda319e6a352#GEO_CODE=6001031'>View boundary on map</a>,<a target='_blank' href='https://community-statistics.service.yukon.ca/pages/census-2021-data-notes#datanote2'>2</a>,6001031
2021,Moosehide Creek 2,Private dwellings occupied by usual residents,0,,,,...,...,<a target='_blank' href='https://yukon.maps.arcgis.com/apps/dashboards/2b0cac7ad3b44cbea449bda319e6a352#GEO_CODE=6001031'>View boundary on map</a>,<a target='_blank' href='https://community-statistics.service.yukon.ca/pages/census-2021-data-notes#datanote3'>3</a>,6001031
2021,Moosehide Creek 2,Population density per square kilometre,0,,,,...,...,<a target='_blank' href='https://yukon.maps.arcgis.com/apps/dashboards/2b0cac7ad3b44cbea449bda319e6a352#GEO_CODE=6001031'>View boundary on map</a>,,6001031
2021,Moosehide Creek 2,Land area in square kilometres,8.5,,,,...,...,<a target='_blank' href='https://yukon.maps.arcgis.com/apps/dashboards/2b0cac7ad3b44cbea449bda319e6a352#GEO_CODE=6001031'>View boundary on map</a>,,6001031
2021,Mt. Lorne,Population; 2021,468,,,,...,...,<a target='_blank' href='https://yukon.maps.arcgis.com/apps/dashboards/2b0cac7ad3b44cbea449bda319e6a352#GEO_CODE=6001044'>View boundary on map</a>,<a target='_blank' href='https://community-statistics.service.yukon.ca/pages/census-2021-data-notes#datanote1'>1</a>,6001044
2021,Mt. Lorne,Population; 2016,437,,,,...,...,<a target='_blank' href='https://yukon.maps.arcgis.com/apps/dashboards/2b0cac7ad3b44cbea449bda319e6a352#GEO_CODE=6001044'>View boundary on map</a>,<a target='_blank' href='https://community-statistics.service.yukon.ca/pages/census-2021-data-notes#datanote1'>1</a>,6001044
2021,Mt. Lorne,Population percentage change; 2016 to 2021,7.1,,,,...,...,<a target='_blank' href='https://yukon.maps.arcgis.com/apps/dashboards/2b0cac7ad3b44cbea449bda319e6a352#GEO_CODE=6001044'>View boundary on map</a>,,6001044
2021,Mt. Lorne,Total private dwellings,246,,,,...,...,<a target='_blank' href='https://yukon.maps.arcgis.com/apps/dashboards/2b0cac7ad3b44cbea449bda319e6a352#GEO_CODE=6001044'>View boundary on map</a>,<a target='_blank' href='https://community-statistics.service.yukon.ca/pages/census-2021-data-notes#datanote2'>2</a>,6001044
2021,Mt. Lorne,Private dwellings occupied by usual residents,222,,,,...,...,<a target='_blank' href='https://yukon.maps.arcgis.com/apps/dashboards/2b0cac7ad3b44cbea449bda319e6a352#GEO_CODE=6001044'>View boundary on map</a>,<a target='_blank' href='https://community-statistics.service.yukon.ca/pages/census-2021-data-notes#datanote3'>3</a>,6001044
2021,Mt. Lorne,Population density per square kilometre,2.9,,,,...,...,<a target='_blank' href='https://yukon.maps.arcgis.com/apps/dashboards/2b0cac7ad3b44cbea449bda319e6a352#GEO_CODE=6001044'>View boundary on map</a>,,6001044
2021,Mt. Lorne,Land area in square kilometres,159.23,,,,...,...,<a target='_blank' href='https://yukon.maps.arcgis.com/apps/dashboards/2b0cac7ad3b44cbea449bda319e6a352#GEO_CODE=6001044'>View boundary on map</a>,,6001044
2021,North Slope - Unorganized,Population; 2021,0,,,,...,...,<a target='_blank' href='https://yukon.maps.arcgis.com/apps/dashboards/2b0cac7ad3b44cbea449bda319e6a352#GEO_CODE=6001065'>View boundary on map</a>,<a target='_blank' href='https://community-statistics.service.yukon.ca/pages/census-2021-data-notes#datanote1'>1</a>,6001065
2021,North Slope - Unorganized,Population; 2016,0,,,r,...,...,<a target='_blank' href='https://yukon.maps.arcgis.com/apps/dashboards/2b0cac7ad3b44cbea449bda319e6a352#GEO_CODE=6001065'>View boundary on map</a>,<a target='_blank' href='https://community-statistics.service.yukon.ca/pages/census-2021-data-notes#datanote1'>1</a>,6001065
2021,North Slope - Unorganized,Population percentage change; 2016 to 2021,,,,...,...,...,<a target='_blank' href='https://yukon.maps.arcgis.com/apps/dashboards/2b0cac7ad3b44cbea449bda319e6a352#GEO_CODE=6001065'>View boundary on map</a>,,6001065
2021,North Slope - Unorganized,Total private dwellings,0,,,,...,...,<a target='_blank' href='https://yukon.maps.arcgis.com/apps/dashboards/2b0cac7ad3b44cbea449bda319e6a352#GEO_CODE=6001065'>View boundary on map</a>,<a target='_blank' href='https://community-statistics.service.yukon.ca/pages/census-2021-data-notes#datanote2'>2</a>,6001065
2021,North Slope - Unorganized,Private dwellings occupied by usual residents,0,,,,...,...,<a target='_blank' href='https://yukon.maps.arcgis.com/apps/dashboards/2b0cac7ad3b44cbea449bda319e6a352#GEO_CODE=6001065'>View boundary on map</a>,<a target='_blank' href='https://community-statistics.service.yukon.ca/pages/census-2021-data-notes#datanote3'>3</a>,6001065
2021,North Slope - Unorganized,Population density per square kilometre,0,,,,...,...,<a target='_blank' href='https://yukon.maps.arcgis.com/apps/dashboards/2b0cac7ad3b44cbea449bda319e6a352#GEO_CODE=6001065'>View boundary on map</a>,,6001065
2021,North Slope - Unorganized,Land area in square kilometres,17788.41,,,,...,...,<a target='_blank' href='https://yukon.maps.arcgis.com/apps/dashboards/2b0cac7ad3b44cbea449bda319e6a352#GEO_CODE=6001065'>View boundary on map</a>,,6001065
2021,Old Crow,Population; 2021,236,,,,...,...,<a target='_blank' href='https://yukon.maps.arcgis.com/apps/dashboards/2b0cac7ad3b44cbea449bda319e6a352#GEO_CODE=6001043'>View boundary on map</a>,<a target='_blank' href='https://community-statistics.service.yukon.ca/pages/census-2021-data-notes#datanote1'>1</a>,6001043
2021,Old Crow,Population; 2016,221,,,,...,...,<a target='_blank' href='https://yukon.maps.arcgis.com/apps/dashboards/2b0cac7ad3b44cbea449bda319e6a352#GEO_CODE=6001043'>View boundary on map</a>,<a target='_blank' href='https://community-statistics.service.yukon.ca/pages/census-2021-data-notes#datanote1'>1</a>,6001043
2021,Old Crow,Population percentage change; 2016 to 2021,6.8,,,,...,...,<a target='_blank' href='https://yukon.maps.arcgis.com/apps/dashboards/2b0cac7ad3b44cbea449bda319e6a352#GEO_CODE=6001043'>View boundary on map</a>,,6001043
2021,Old Crow,Total private dwellings,168,,,,...,...,<a target='_blank' href='https://yukon.maps.arcgis.com/apps/dashboards/2b0cac7ad3b44cbea449bda319e6a352#GEO_CODE=6001043'>View boundary on map</a>,<a target='_blank' href='https://community-statistics.service.yukon.ca/pages/census-2021-data-notes#datanote2'>2</a>,6001043
2021,Old Crow,Private dwellings occupied by usual residents,116,,,,...,...,<a target='_blank' href='https://yukon.maps.arcgis.com/apps/dashboards/2b0cac7ad3b44cbea449bda319e6a352#GEO_CODE=6001043'>View boundary on map</a>,<a target='_blank' href='https://community-statistics.service.yukon.ca/pages/census-2021-data-notes#datanote3'>3</a>,6001043
2021,Old Crow,Population density per square kilometre,17.5,,,,...,...,<a target='_blank' href='https://yukon.maps.arcgis.com/apps/dashboards/2b0cac7ad3b44cbea449bda319e6a352#GEO_CODE=6001043'>View boundary on map</a>,,6001043
2021,Old Crow,Land area in square kilometres,13.51,,,,...,...,<a target='_blank' href='https://yukon.maps.arcgis.com/apps/dashboards/2b0cac7ad3b44cbea449bda319e6a352#GEO_CODE=6001043'>View boundary on map</a>,,6001043
2021,Pelly Crossing,Population; 2021,316,,,,...,...,<a target='_blank' href='https://yukon.maps.arcgis.com/apps/dashboards/2b0cac7ad3b44cbea449bda319e6a352#GEO_CODE=6001041'>View boundary on map</a>,<a target='_blank' href='https://community-statistics.service.yukon.ca/pages/census-2021-data-notes#datanote1'>1</a>,6001041
2021,Pelly Crossing,Population; 2016,353,,,,...,...,<a target='_blank' href='https://yukon.maps.arcgis.com/apps/dashboards/2b0cac7ad3b44cbea449bda319e6a352#GEO_CODE=6001041'>View boundary on map</a>,<a target='_blank' href='https://community-statistics.service.yukon.ca/pages/census-2021-data-notes#datanote1'>1</a>,6001041
2021,Pelly Crossing,Population percentage change; 2016 to 2021,-10.5,,,,...,...,<a target='_blank' href='https://yukon.maps.arcgis.com/apps/dashboards/2b0cac7ad3b44cbea449bda319e6a352#GEO_CODE=6001041'>View boundary on map</a>,,6001041
2021,Pelly Crossing,Total private dwellings,159,,,,...,...,<a target='_blank' href='https://yukon.maps.arcgis.com/apps/dashboards/2b0cac7ad3b44cbea449bda319e6a352#GEO_CODE=6001041'>View boundary on map</a>,<a target='_blank' href='https://community-statistics.service.yukon.ca/pages/census-2021-data-notes#datanote2'>2</a>,6001041
2021,Pelly Crossing,Private dwellings occupied by usual residents,139,,,,...,...,<a target='_blank' href='https://yukon.maps.arcgis.com/apps/dashboards/2b0cac7ad3b44cbea449bda319e6a352#GEO_CODE=6001041'>View boundary on map</a>,<a target='_blank' href='https://community-statistics.service.yukon.ca/pages/census-2021-data-notes#datanote3'>3</a>,6001041
2021,Pelly Crossing,Population density per square kilometre,9.8,,,,...,...,<a target='_blank' href='https://yukon.maps.arcgis.com/apps/dashboards/2b0cac7ad3b44cbea449bda319e6a352#GEO_CODE=6001041'>View boundary on map</a>,,6001041
2021,Pelly Crossing,Land area in square kilometres,32.28,,,,...,...,<a target='_blank' href='https://yukon.maps.arcgis.com/apps/dashboards/2b0cac7ad3b44cbea449bda319e6a352#GEO_CODE=6001041'>View boundary on map</a>,,6001041
2021,Ross River,Population; 2021,355,,,,...,...,<a target='_blank' href='https://yukon.maps.arcgis.com/apps/dashboards/2b0cac7ad3b44cbea449bda319e6a352#GEO_CODE=6001037'>View boundary on map</a>,<a target='_blank' href='https://community-statistics.service.yukon.ca/pages/census-2021-data-notes#datanote1'>1</a>,6001037
2021,Ross River,Population; 2016,293,,,,...,...,<a target='_blank' href='https://yukon.maps.arcgis.com/apps/dashboards/2b0cac7ad3b44cbea449bda319e6a352#GEO_CODE=6001037'>View boundary on map</a>,<a target='_blank' href='https://community-statistics.service.yukon.ca/pages/census-2021-data-notes#datanote1'>1</a>,6001037
2021,Ross River,Population percentage change; 2016 to 2021,21.2,,,,...,...,<a target='_blank' href='https://yukon.maps.arcgis.com/apps/dashboards/2b0cac7ad3b44cbea449bda319e6a352#GEO_CODE=6001037'>View boundary on map</a>,,6001037
2021,Ross River,Total private dwellings,184,,,,...,...,<a target='_blank' href='https://yukon.maps.arcgis.com/apps/dashboards/2b0cac7ad3b44cbea449bda319e6a352#GEO_CODE=6001037'>View boundary on map</a>,<a target='_blank' href='https://community-statistics.service.yukon.ca/pages/census-2021-data-notes#datanote2'>2</a>,6001037
2021,Ross River,Private dwellings occupied by usual residents,160,,,,...,...,<a target='_blank' href='https://yukon.maps.arcgis.com/apps/dashboards/2b0cac7ad3b44cbea449bda319e6a352#GEO_CODE=6001037'>View boundary on map</a>,<a target='_blank' href='https://community-statistics.service.yukon.ca/pages/census-2021-data-notes#datanote3'>3</a>,6001037
2021,Ross River,Population density per square kilometre,17.3,,,,...,...,<a target='_blank' href='https://yukon.maps.arcgis.com/apps/dashboards/2b0cac7ad3b44cbea449bda319e6a352#GEO_CODE=6001037'>View boundary on map</a>,,6001037
2021,Ross River,Land area in square kilometres,20.48,,,,...,...,<a target='_blank' href='https://yukon.maps.arcgis.com/apps/dashboards/2b0cac7ad3b44cbea449bda319e6a352#GEO_CODE=6001037'>View boundary on map</a>,,6001037
2021,Stewart Crossing,Population; 2021,10,,,,...,...,<a target='_blank' href='https://yukon.maps.arcgis.com/apps/dashboards/2b0cac7ad3b44cbea449bda319e6a352#GEO_CODE=6001050'>View boundary on map</a>,<a target='_blank' href='https://community-statistics.service.yukon.ca/pages/census-2021-data-notes#datanote1'>1</a>,6001050
2021,Stewart Crossing,Population; 2016,17,,,,...,...,<a target='_blank' href='https://yukon.maps.arcgis.com/apps/dashboards/2b0cac7ad3b44cbea449bda319e6a352#GEO_CODE=6001050'>View boundary on map</a>,<a target='_blank' href='https://community-statistics.service.yukon.ca/pages/census-2021-data-notes#datanote1'>1</a>,6001050
2021,Stewart Crossing,Population percentage change; 2016 to 2021,-41.2,,,,...,...,<a target='_blank' href='https://yukon.maps.arcgis.com/apps/dashboards/2b0cac7ad3b44cbea449bda319e6a352#GEO_CODE=6001050'>View boundary on map</a>,,6001050
2021,Stewart Crossing,Total private dwellings,20,,,,...,...,<a target='_blank' href='https://yukon.maps.arcgis.com/apps/dashboards/2b0cac7ad3b44cbea449bda319e6a352#GEO_CODE=6001050'>View boundary on map</a>,<a target='_blank' href='https://community-statistics.service.yukon.ca/pages/census-2021-data-notes#datanote2'>2</a>,6001050
2021,Stewart Crossing,Private dwellings occupied by usual residents,5,,,,...,...,<a target='_blank' href='https://yukon.maps.arcgis.com/apps/dashboards/2b0cac7ad3b44cbea449bda319e6a352#GEO_CODE=6001050'>View boundary on map</a>,<a target='_blank' href='https://community-statistics.service.yukon.ca/pages/census-2021-data-notes#datanote3'>3</a>,6001050
2021,Stewart Crossing,Population density per square kilometre,0.3,,,,...,...,<a target='_blank' href='https://yukon.maps.arcgis.com/apps/dashboards/2b0cac7ad3b44cbea449bda319e6a352#GEO_CODE=6001050'>View boundary on map</a>,,6001050
2021,Stewart Crossing,Land area in square kilometres,28.68,,,,...,...,<a target='_blank' href='https://yukon.maps.arcgis.com/apps/dashboards/2b0cac7ad3b44cbea449bda319e6a352#GEO_CODE=6001050'>View boundary on map</a>,,6001050
2021,Swift River,Population; 2021,5,,,,...,...,<a target='_blank' href='https://yukon.maps.arcgis.com/apps/dashboards/2b0cac7ad3b44cbea449bda319e6a352#GEO_CODE=6001046'>View boundary on map</a>,<a target='_blank' href='https://community-statistics.service.yukon.ca/pages/census-2021-data-notes#datanote1'>1</a>,6001046
2021,Swift River,Population; 2016,0,,,r,...,...,<a target='_blank' href='https://yukon.maps.arcgis.com/apps/dashboards/2b0cac7ad3b44cbea449bda319e6a352#GEO_CODE=6001046'>View boundary on map</a>,<a target='_blank' href='https://community-statistics.service.yukon.ca/pages/census-2021-data-notes#datanote1'>1</a>,6001046
2021,Swift River,Population percentage change; 2016 to 2021,,,,...,...,...,<a target='_blank' href='https://yukon.maps.arcgis.com/apps/dashboards/2b0cac7ad3b44cbea449bda319e6a352#GEO_CODE=6001046'>View boundary on map</a>,,6001046
2021,Swift River,Total private dwellings,3,,,,...,...,<a target='_blank' href='https://yukon.maps.arcgis.com/apps/dashboards/2b0cac7ad3b44cbea449bda319e6a352#GEO_CODE=6001046'>View boundary on map</a>,<a target='_blank' href='https://community-statistics.service.yukon.ca/pages/census-2021-data-notes#datanote2'>2</a>,6001046
2021,Swift River,Private dwellings occupied by usual residents,3,,,,...,...,<a target='_blank' href='https://yukon.maps.arcgis.com/apps/dashboards/2b0cac7ad3b44cbea449bda319e6a352#GEO_CODE=6001046'>View boundary on map</a>,<a target='_blank' href='https://community-statistics.service.yukon.ca/pages/census-2021-data-notes#datanote3'>3</a>,6001046
2021,Swift River,Population density per square kilometre,0.2,,,,...,...,<a target='_blank' href='https://yukon.maps.arcgis.com/apps/dashboards/2b0cac7ad3b44cbea449bda319e6a352#GEO_CODE=6001046'>View boundary on map</a>,,6001046
2021,Swift River,Land area in square kilometres,22.88,,,,...,...,<a target='_blank' href='https://yukon.maps.arcgis.com/apps/dashboards/2b0cac7ad3b44cbea449bda319e6a352#GEO_CODE=6001046'>View boundary on map</a>,,6001046
2021,Tagish,Population; 2021,311,,,,...,...,<a target='_blank' href='https://yukon.maps.arcgis.com/apps/dashboards/2b0cac7ad3b44cbea449bda319e6a352#GEO_CODE=6001036'>View boundary on map</a>,<a target='_blank' href='https://community-statistics.service.yukon.ca/pages/census-2021-data-notes#datanote1'>1</a>,6001036
2021,Tagish,Population; 2016,249,,,,...,...,<a target='_blank' href='https://yukon.maps.arcgis.com/apps/dashboards/2b0cac7ad3b44cbea449bda319e6a352#GEO_CODE=6001036'>View boundary on map</a>,<a target='_blank' href='https://community-statistics.service.yukon.ca/pages/census-2021-data-notes#datanote1'>1</a>,6001036
2021,Tagish,Population percentage change; 2016 to 2021,24.9,,,,...,...,<a target='_blank' href='https://yukon.maps.arcgis.com/apps/dashboards/2b0cac7ad3b44cbea449bda319e6a352#GEO_CODE=6001036'>View boundary on map</a>,,6001036
2021,Tagish,Total private dwellings,413,,,,...,...,<a target='_blank' href='https://yukon.maps.arcgis.com/apps/dashboards/2b0cac7ad3b44cbea449bda319e6a352#GEO_CODE=6001036'>View boundary on map</a>,<a target='_blank' href='https://community-statistics.service.yukon.ca/pages/census-2021-data-notes#datanote2'>2</a>,6001036
2021,Tagish,Private dwellings occupied by usual residents,164,,,,...,...,<a target='_blank' href='https://yukon.maps.arcgis.com/apps/dashboards/2b0cac7ad3b44cbea449bda319e6a352#GEO_CODE=6001036'>View boundary on map</a>,<a target='_blank' href='https://community-statistics.service.yukon.ca/pages/census-2021-data-notes#datanote3'>3</a>,6001036
2021,Tagish,Population density per square kilometre,6.9,,,,...,...,<a target='_blank' href='https://yukon.maps.arcgis.com/apps/dashboards/2b0cac7ad3b44cbea449bda319e6a352#GEO_CODE=6001036'>View boundary on map</a>,,6001036
2021,Tagish,Land area in square kilometres,45.26,,,,...,...,<a target='_blank' href='https://yukon.maps.arcgis.com/apps/dashboards/2b0cac7ad3b44cbea449bda319e6a352#GEO_CODE=6001036'>View boundary on map</a>,,6001036
2021,Teslin,Population; 2021,239,,,,...,...,<a target='_blank' href='https://yukon.maps.arcgis.com/apps/dashboards/2b0cac7ad3b44cbea449bda319e6a352#GEO_CODE=6001006'>View boundary on map</a>,<a target='_blank' href='https://community-statistics.service.yukon.ca/pages/census-2021-data-notes#datanote1'>1</a>,6001006
2021,Teslin,Population; 2016,255,,,r,...,...,<a target='_blank' href='https://yukon.maps.arcgis.com/apps/dashboards/2b0cac7ad3b44cbea449bda319e6a352#GEO_CODE=6001006'>View boundary on map</a>,<a target='_blank' href='https://community-statistics.service.yukon.ca/pages/census-2021-data-notes#datanote1'>1</a>,6001006
2021,Teslin,Population percentage change; 2016 to 2021,-6.3,,,,...,...,<a target='_blank' href='https://yukon.maps.arcgis.com/apps/dashboards/2b0cac7ad3b44cbea449bda319e6a352#GEO_CODE=6001006'>View boundary on map</a>,,6001006
2021,Teslin,Total private dwellings,144,,,,...,...,<a target='_blank' href='https://yukon.maps.arcgis.com/apps/dashboards/2b0cac7ad3b44cbea449bda319e6a352#GEO_CODE=6001006'>View boundary on map</a>,<a target='_blank' href='https://community-statistics.service.yukon.ca/pages/census-2021-data-notes#datanote2'>2</a>,6001006
2021,Teslin,Private dwellings occupied by usual residents,126,,,,...,...,<a target='_blank' href='https://yukon.maps.arcgis.com/apps/dashboards/2b0cac7ad3b44cbea449bda319e6a352#GEO_CODE=6001006'>View boundary on map</a>,<a target='_blank' href='https://community-statistics.service.yukon.ca/pages/census-2021-data-notes#datanote3'>3</a>,6001006
2021,Teslin,Population density per square kilometre,63.3,,,,...,...,<a target='_blank' href='https://yukon.maps.arcgis.com/apps/dashboards/2b0cac7ad3b44cbea449bda319e6a352#GEO_CODE=6001006'>View boundary on map</a>,,6001006
2021,Teslin,Land area in square kilometres,3.77,,,,...,...,<a target='_blank' href='https://yukon.maps.arcgis.com/apps/dashboards/2b0cac7ad3b44cbea449bda319e6a352#GEO_CODE=6001006'>View boundary on map</a>,,6001006
2021,Teslin Land,Population; 2021,0,,,,...,...,<a target='_blank' href='https://yukon.maps.arcgis.com/apps/dashboards/2b0cac7ad3b44cbea449bda319e6a352#GEO_CODE=6001057'>View boundary on map</a>,<a target='_blank' href='https://community-statistics.service.yukon.ca/pages/census-2021-data-notes#datanote1'>1</a>,6001057
2021,Teslin Land,Population; 2016,0,,,,...,...,<a target='_blank' href='https://yukon.maps.arcgis.com/apps/dashboards/2b0cac7ad3b44cbea449bda319e6a352#GEO_CODE=6001057'>View boundary on map</a>,<a target='_blank' href='https://community-statistics.service.yukon.ca/pages/census-2021-data-notes#datanote1'>1</a>,6001057
2021,Teslin Land,Population percentage change; 2016 to 2021,,,,...,...,...,<a target='_blank' href='https://yukon.maps.arcgis.com/apps/dashboards/2b0cac7ad3b44cbea449bda319e6a352#GEO_CODE=6001057'>View boundary on map</a>,,6001057
2021,Teslin Land,Total private dwellings,0,,,,...,...,<a target='_blank' href='https://yukon.maps.arcgis.com/apps/dashboards/2b0cac7ad3b44cbea449bda319e6a352#GEO_CODE=6001057'>View boundary on map</a>,<a target='_blank' href='https://community-statistics.service.yukon.ca/pages/census-2021-data-notes#datanote2'>2</a>,6001057
2021,Teslin Land,Private dwellings occupied by usual residents,0,,,,...,...,<a target='_blank' href='https://yukon.maps.arcgis.com/apps/dashboards/2b0cac7ad3b44cbea449bda319e6a352#GEO_CODE=6001057'>View boundary on map</a>,<a target='_blank' href='https://community-statistics.service.yukon.ca/pages/census-2021-data-notes#datanote3'>3</a>,6001057
2021,Teslin Land,Population density per square kilometre,0,,,,...,...,<a target='_blank' href='https://yukon.maps.arcgis.com/apps/dashboards/2b0cac7ad3b44cbea449bda319e6a352#GEO_CODE=6001057'>View boundary on map</a>,,6001057
2021,Teslin Land,Land area in square kilometres,25.93,,,,...,...,<a target='_blank' href='https://yukon.maps.arcgis.com/apps/dashboards/2b0cac7ad3b44cbea449bda319e6a352#GEO_CODE=6001057'>View boundary on map</a>,,6001057
2021,Teslin Post 13,Population; 2021,19,,,,...,...,<a target='_blank' href='https://yukon.maps.arcgis.com/apps/dashboards/2b0cac7ad3b44cbea449bda319e6a352#GEO_CODE=6001007'>View boundary on map</a>,<a target='_blank' href='https://community-statistics.service.yukon.ca/pages/census-2021-data-notes#datanote1'>1</a>,6001007
2021,Teslin Post 13,Population; 2016,30,,,r,...,...,<a target='_blank' href='https://yukon.maps.arcgis.com/apps/dashboards/2b0cac7ad3b44cbea449bda319e6a352#GEO_CODE=6001007'>View boundary on map</a>,<a target='_blank' href='https://community-statistics.service.yukon.ca/pages/census-2021-data-notes#datanote1'>1</a>,6001007
2021,Teslin Post 13,Population percentage change; 2016 to 2021,-36.7,,,,...,...,<a target='_blank' href='https://yukon.maps.arcgis.com/apps/dashboards/2b0cac7ad3b44cbea449bda319e6a352#GEO_CODE=6001007'>View boundary on map</a>,,6001007
2021,Teslin Post 13,Total private dwellings,11,,,,...,...,<a target='_blank' href='https://yukon.maps.arcgis.com/apps/dashboards/2b0cac7ad3b44cbea449bda319e6a352#GEO_CODE=6001007'>View boundary on map</a>,<a target='_blank' href='https://community-statistics.service.yukon.ca/pages/census-2021-data-notes#datanote2'>2</a>,6001007
2021,Teslin Post 13,Private dwellings occupied by usual residents,10,,,,...,...,<a target='_blank' href='https://yukon.maps.arcgis.com/apps/dashboards/2b0cac7ad3b44cbea449bda319e6a352#GEO_CODE=6001007'>View boundary on map</a>,<a target='_blank' href='https://community-statistics.service.yukon.ca/pages/census-2021-data-notes#datanote3'>3</a>,6001007
2021,Teslin Post 13,Population density per square kilometre,16.2,,,,...,...,<a target='_blank' href='https://yukon.maps.arcgis.com/apps/dashboards/2b0cac7ad3b44cbea449bda319e6a352#GEO_CODE=6001007'>View boundary on map</a>,,6001007
2021,Teslin Post 13,Land area in square kilometres,1.17,,,,...,...,<a target='_blank' href='https://yukon.maps.arcgis.com/apps/dashboards/2b0cac7ad3b44cbea449bda319e6a352#GEO_CODE=6001007'>View boundary on map</a>,,6001007
2021,Upper Liard,Population; 2021,130,,,,...,...,<a target='_blank' href='https://yukon.maps.arcgis.com/apps/dashboards/2b0cac7ad3b44cbea449bda319e6a352#GEO_CODE=6001032'>View boundary on map</a>,<a target='_blank' href='https://community-statistics.service.yukon.ca/pages/census-2021-data-notes#datanote1'>1</a>,6001032
2021,Upper Liard,Population; 2016,125,,,,...,...,<a target='_blank' href='https://yukon.maps.arcgis.com/apps/dashboards/2b0cac7ad3b44cbea449bda319e6a352#GEO_CODE=6001032'>View boundary on map</a>,<a target='_blank' href='https://community-statistics.service.yukon.ca/pages/census-2021-data-notes#datanote1'>1</a>,6001032
2021,Upper Liard,Population percentage change; 2016 to 2021,4,,,,...,...,<a target='_blank' href='https://yukon.maps.arcgis.com/apps/dashboards/2b0cac7ad3b44cbea449bda319e6a352#GEO_CODE=6001032'>View boundary on map</a>,,6001032
2021,Upper Liard,Total private dwellings,63,,,,...,...,<a target='_blank' href='https://yukon.maps.arcgis.com/apps/dashboards/2b0cac7ad3b44cbea449bda319e6a352#GEO_CODE=6001032'>View boundary on map</a>,<a target='_blank' href='https://community-statistics.service.yukon.ca/pages/census-2021-data-notes#datanote2'>2</a>,6001032
2021,Upper Liard,Private dwellings occupied by usual residents,55,,,,...,...,<a target='_blank' href='https://yukon.maps.arcgis.com/apps/dashboards/2b0cac7ad3b44cbea449bda319e6a352#GEO_CODE=6001032'>View boundary on map</a>,<a target='_blank' href='https://community-statistics.service.yukon.ca/pages/census-2021-data-notes#datanote3'>3</a>,6001032
2021,Upper Liard,Population density per square kilometre,23.4,,,,...,...,<a target='_blank' href='https://yukon.maps.arcgis.com/apps/dashboards/2b0cac7ad3b44cbea449bda319e6a352#GEO_CODE=6001032'>View boundary on map</a>,,6001032
2021,Upper Liard,Land area in square kilometres,5.56,,,,...,...,<a target='_blank' href='https://yukon.maps.arcgis.com/apps/dashboards/2b0cac7ad3b44cbea449bda319e6a352#GEO_CODE=6001032'>View boundary on map</a>,,6001032
2021,Watson Lake,Population; 2021,1133,,,,...,...,<a target='_blank' href='https://yukon.maps.arcgis.com/apps/dashboards/2b0cac7ad3b44cbea449bda319e6a352#GEO_CODE=6001003'>View boundary on map</a>,<a target='_blank' href='https://community-statistics.service.yukon.ca/pages/census-2021-data-notes#datanote1'>1</a>,6001003
2021,Watson Lake,Population; 2016,1083,,,r,...,...,<a target='_blank' href='https://yukon.maps.arcgis.com/apps/dashboards/2b0cac7ad3b44cbea449bda319e6a352#GEO_CODE=6001003'>View boundary on map</a>,<a target='_blank' href='https://community-statistics.service.yukon.ca/pages/census-2021-data-notes#datanote1'>1</a>,6001003
2021,Watson Lake,Population percentage change; 2016 to 2021,4.6,,,,...,...,<a target='_blank' href='https://yukon.maps.arcgis.com/apps/dashboards/2b0cac7ad3b44cbea449bda319e6a352#GEO_CODE=6001003'>View boundary on map</a>,,6001003
2021,Watson Lake,Total private dwellings,564,,,,...,...,<a target='_blank' href='https://yukon.maps.arcgis.com/apps/dashboards/2b0cac7ad3b44cbea449bda319e6a352#GEO_CODE=6001003'>View boundary on map</a>,<a target='_blank' href='https://community-statistics.service.yukon.ca/pages/census-2021-data-notes#datanote2'>2</a>,6001003
2021,Watson Lake,Private dwellings occupied by usual residents,499,,,,...,...,<a target='_blank' href='https://yukon.maps.arcgis.com/apps/dashboards/2b0cac7ad3b44cbea449bda319e6a352#GEO_CODE=6001003'>View boundary on map</a>,<a target='_blank' href='https://community-statistics.service.yukon.ca/pages/census-2021-data-notes#datanote3'>3</a>,6001003
2021,Watson Lake,Population density per square kilometre,10.3,,,,...,...,<a target='_blank' href='https://yukon.maps.arcgis.com/apps/dashboards/2b0cac7ad3b44cbea449bda319e6a352#GEO_CODE=6001003'>View boundary on map</a>,,6001003
2021,Watson Lake,Land area in square kilometres,109.77,,,,...,...,<a target='_blank' href='https://yukon.maps.arcgis.com/apps/dashboards/2b0cac7ad3b44cbea449bda319e6a352#GEO_CODE=6001003'>View boundary on map</a>,,6001003
2021,Whitehorse - Unorganized,Population; 2021,411,,,,...,...,<a target='_blank' href='https://yukon.maps.arcgis.com/apps/dashboards/2b0cac7ad3b44cbea449bda319e6a352#GEO_CODE=6001060'>View boundary on map</a>,<a target='_blank' href='https://community-statistics.service.yukon.ca/pages/census-2021-data-notes#datanote1'>1</a>,6001060
2021,Whitehorse - Unorganized,Population; 2016,326,,,,...,...,<a target='_blank' href='https://yukon.maps.arcgis.com/apps/dashboards/2b0cac7ad3b44cbea449bda319e6a352#GEO_CODE=6001060'>View boundary on map</a>,<a target='_blank' href='https://community-statistics.service.yukon.ca/pages/census-2021-data-notes#datanote1'>1</a>,6001060
2021,Whitehorse - Unorganized,Population percentage change; 2016 to 2021,26.1,,,,...,...,<a target='_blank' href='https://yukon.maps.arcgis.com/apps/dashboards/2b0cac7ad3b44cbea449bda319e6a352#GEO_CODE=6001060'>View boundary on map</a>,,6001060
2021,Whitehorse - Unorganized,Total private dwellings,239,,,,...,...,<a target='_blank' href='https://yukon.maps.arcgis.com/apps/dashboards/2b0cac7ad3b44cbea449bda319e6a352#GEO_CODE=6001060'>View boundary on map</a>,<a target='_blank' href='https://community-statistics.service.yukon.ca/pages/census-2021-data-notes#datanote2'>2</a>,6001060
2021,Whitehorse - Unorganized,Private dwellings occupied by usual residents,203,,,,...,...,<a target='_blank' href='https://yukon.maps.arcgis.com/apps/dashboards/2b0cac7ad3b44cbea449bda319e6a352#GEO_CODE=6001060'>View boundary on map</a>,<a target='_blank' href='https://community-statistics.service.yukon.ca/pages/census-2021-data-notes#datanote3'>3</a>,6001060
2021,Whitehorse - Unorganized,Population density per square kilometre,0.1,,,,...,...,<a target='_blank' href='https://yukon.maps.arcgis.com/apps/dashboards/2b0cac7ad3b44cbea449bda319e6a352#GEO_CODE=6001060'>View boundary on map</a>,,6001060
2021,Whitehorse - Unorganized,Land area in square kilometres,5032.35,,,,...,...,<a target='_blank' href='https://yukon.maps.arcgis.com/apps/dashboards/2b0cac7ad3b44cbea449bda319e6a352#GEO_CODE=6001060'>View boundary on map</a>,,6001060
2021,Yukon - Unorganized,Population; 2021,1496,,,,...,...,<a target='_blank' href='https://yukon.maps.arcgis.com/apps/dashboards/2b0cac7ad3b44cbea449bda319e6a352#GEO_CODE=6001045'>View boundary on map</a>,<a target='_blank' href='https://community-statistics.service.yukon.ca/pages/census-2021-data-notes#datanote1'>1</a>,6001045
2021,Yukon - Unorganized,Population; 2016,1388,,,r,...,...,<a target='_blank' href='https://yukon.maps.arcgis.com/apps/dashboards/2b0cac7ad3b44cbea449bda319e6a352#GEO_CODE=6001045'>View boundary on map</a>,<a target='_blank' href='https://community-statistics.service.yukon.ca/pages/census-2021-data-notes#datanote1'>1</a>,6001045
2021,Yukon - Unorganized,Population percentage change; 2016 to 2021,7.8,,,,...,...,<a target='_blank' href='https://yukon.maps.arcgis.com/apps/dashboards/2b0cac7ad3b44cbea449bda319e6a352#GEO_CODE=6001045'>View boundary on map</a>,,6001045
2021,Yukon - Unorganized,Total private dwellings,1184,,,,...,...,<a target='_blank' href='https://yukon.maps.arcgis.com/apps/dashboards/2b0cac7ad3b44cbea449bda319e6a352#GEO_CODE=6001045'>View boundary on map</a>,<a target='_blank' href='https://community-statistics.service.yukon.ca/pages/census-2021-data-notes#datanote2'>2</a>,6001045
2021,Yukon - Unorganized,Private dwellings occupied by usual residents,735,,,,...,...,<a target='_blank' href='https://yukon.maps.arcgis.com/apps/dashboards/2b0cac7ad3b44cbea449bda319e6a352#GEO_CODE=6001045'>View boundary on map</a>,<a target='_blank' href='https://community-statistics.service.yukon.ca/pages/census-2021-data-notes#datanote3'>3</a>,6001045
2021,Yukon - Unorganized,Population density per square kilometre,0,,,,...,...,<a target='_blank' href='https://yukon.maps.arcgis.com/apps/dashboards/2b0cac7ad3b44cbea449bda319e6a352#GEO_CODE=6001045'>View boundary on map</a>,,6001045
2021,Yukon - Unorganized,Land area in square kilometres,445269.81,,,,...,...,<a target='_blank' href='https://yukon.maps.arcgis.com/apps/dashboards/2b0cac7ad3b44cbea449bda319e6a352#GEO_CODE=6001045'>View boundary on map</a>,,6001045
2021,Alaska Highway North Region,Population; 2021,870,,,,...,...,<a target='_blank' href='https://yukon.maps.arcgis.com/apps/dashboards/2b0cac7ad3b44cbea449bda319e6a352#GEO_CODE=YBS042039049018'>View boundary on map</a>,<a target='_blank' href='https://community-statistics.service.yukon.ca/pages/census-2021-data-notes#datanote1'>1</a>,YBS042039049018
2021,Alaska Highway North Region,Population; 2016,833,,,,...,...,<a target='_blank' href='https://yukon.maps.arcgis.com/apps/dashboards/2b0cac7ad3b44cbea449bda319e6a352#GEO_CODE=YBS042039049018'>View boundary on map</a>,<a target='_blank' href='https://community-statistics.service.yukon.ca/pages/census-2021-data-notes#datanote1'>1</a>,YBS042039049018
2021,Alaska Highway North Region,Population percentage change; 2016 to 2021,4.441776711,,,,...,...,<a target='_blank' href='https://yukon.maps.arcgis.com/apps/dashboards/2b0cac7ad3b44cbea449bda319e6a352#GEO_CODE=YBS042039049018'>View boundary on map</a>,,YBS042039049018
2021,Alaska Highway North Region,Total private dwellings,525,,,,...,...,<a target='_blank' href='https://yukon.maps.arcgis.com/apps/dashboards/2b0cac7ad3b44cbea449bda319e6a352#GEO_CODE=YBS042039049018'>View boundary on map</a>,<a target='_blank' href='https://community-statistics.service.yukon.ca/pages/census-2021-data-notes#datanote2'>2</a>,YBS042039049018
2021,Alaska Highway North Region,Private dwellings occupied by usual residents,411,,,,...,...,<a target='_blank' href='https://yukon.maps.arcgis.com/apps/dashboards/2b0cac7ad3b44cbea449bda319e6a352#GEO_CODE=YBS042039049018'>View boundary on map</a>,<a target='_blank' href='https://community-statistics.service.yukon.ca/pages/census-2021-data-notes#datanote3'>3</a>,YBS042039049018
2021,Alaska Highway North Region,Population density per square kilometre,,,,,,,<a target='_blank' href='https://yukon.maps.arcgis.com/apps/dashboards/2b0cac7ad3b44cbea449bda319e6a352#GEO_CODE=YBS042039049018'>View boundary on map</a>,,YBS042039049018
2021,Alaska Highway North Region,Land area in square kilometres,,,,,,,<a target='_blank' href='https://yukon.maps.arcgis.com/apps/dashboards/2b0cac7ad3b44cbea449bda319e6a352#GEO_CODE=YBS042039049018'>View boundary on map</a>,,YBS042039049018
2021,Carcross-Tagish Region,Population; 2021,665,,,,...,...,<a target='_blank' href='https://yukon.maps.arcgis.com/apps/dashboards/2b0cac7ad3b44cbea449bda319e6a352#GEO_CODE=YBS048008036'>View boundary on map</a>,<a target='_blank' href='https://community-statistics.service.yukon.ca/pages/census-2021-data-notes#datanote1'>1</a>,YBS048008036
2021,Carcross-Tagish Region,Population; 2016,585,,,,...,...,<a target='_blank' href='https://yukon.maps.arcgis.com/apps/dashboards/2b0cac7ad3b44cbea449bda319e6a352#GEO_CODE=YBS048008036'>View boundary on map</a>,<a target='_blank' href='https://community-statistics.service.yukon.ca/pages/census-2021-data-notes#datanote1'>1</a>,YBS048008036
2021,Carcross-Tagish Region,Population percentage change; 2016 to 2021,13.67521368,,,,...,...,<a target='_blank' href='https://yukon.maps.arcgis.com/apps/dashboards/2b0cac7ad3b44cbea449bda319e6a352#GEO_CODE=YBS048008036'>View boundary on map</a>,,YBS048008036
2021,Carcross-Tagish Region,Total private dwellings,658,,,,...,...,<a target='_blank' href='https://yukon.maps.arcgis.com/apps/dashboards/2b0cac7ad3b44cbea449bda319e6a352#GEO_CODE=YBS048008036'>View boundary on map</a>,<a target='_blank' href='https://community-statistics.service.yukon.ca/pages/census-2021-data-notes#datanote2'>2</a>,YBS048008036
2021,Carcross-Tagish Region,Private dwellings occupied by usual residents,348,,,,...,...,<a target='_blank' href='https://yukon.maps.arcgis.com/apps/dashboards/2b0cac7ad3b44cbea449bda319e6a352#GEO_CODE=YBS048008036'>View boundary on map</a>,<a target='_blank' href='https://community-statistics.service.yukon.ca/pages/census-2021-data-notes#datanote3'>3</a>,YBS048008036
2021,Carcross-Tagish Region,Population density per square kilometre,,,,,,,<a target='_blank' href='https://yukon.maps.arcgis.com/apps/dashboards/2b0cac7ad3b44cbea449bda319e6a352#GEO_CODE=YBS048008036'>View boundary on map</a>,,YBS048008036
2021,Carcross-Tagish Region,Land area in square kilometres,,,,,,,<a target='_blank' href='https://yukon.maps.arcgis.com/apps/dashboards/2b0cac7ad3b44cbea449bda319e6a352#GEO_CODE=YBS048008036'>View boundary on map</a>,,YBS048008036
2021,Teslin Region,Population; 2021,258,,,,...,...,<a target='_blank' href='https://yukon.maps.arcgis.com/apps/dashboards/2b0cac7ad3b44cbea449bda319e6a352#GEO_CODE=YBS006057007'>View boundary on map</a>,<a target='_blank' href='https://community-statistics.service.yukon.ca/pages/census-2021-data-notes#datanote1'>1</a>,YBS006057007
2021,Teslin Region,Population; 2016,285,,,,...,...,<a target='_blank' href='https://yukon.maps.arcgis.com/apps/dashboards/2b0cac7ad3b44cbea449bda319e6a352#GEO_CODE=YBS006057007'>View boundary on map</a>,<a target='_blank' href='https://community-statistics.service.yukon.ca/pages/census-2021-data-notes#datanote1'>1</a>,YBS006057007
2021,Teslin Region,Population percentage change; 2016 to 2021,-9.473684211,,,,...,...,<a target='_blank' href='https://yukon.maps.arcgis.com/apps/dashboards/2b0cac7ad3b44cbea449bda319e6a352#GEO_CODE=YBS006057007'>View boundary on map</a>,,YBS006057007
2021,Teslin Region,Total private dwellings,155,,,,...,...,<a target='_blank' href='https://yukon.maps.arcgis.com/apps/dashboards/2b0cac7ad3b44cbea449bda319e6a352#GEO_CODE=YBS006057007'>View boundary on map</a>,<a target='_blank' href='https://community-statistics.service.yukon.ca/pages/census-2021-data-notes#datanote2'>2</a>,YBS006057007
2021,Teslin Region,Private dwellings occupied by usual residents,136,,,,...,...,<a target='_blank' href='https://yukon.maps.arcgis.com/apps/dashboards/2b0cac7ad3b44cbea449bda319e6a352#GEO_CODE=YBS006057007'>View boundary on map</a>,<a target='_blank' href='https://community-statistics.service.yukon.ca/pages/census-2021-data-notes#datanote3'>3</a>,YBS006057007
2021,Teslin Region,Population density per square kilometre,,,,,,,<a target='_blank' href='https://yukon.maps.arcgis.com/apps/dashboards/2b0cac7ad3b44cbea449bda319e6a352#GEO_CODE=YBS006057007'>View boundary on map</a>,,YBS006057007
2021,Teslin Region,Land area in square kilometres,,,,,,,<a target='_blank' href='https://yukon.maps.arcgis.com/apps/dashboards/2b0cac7ad3b44cbea449bda319e6a352#GEO_CODE=YBS006057007'>View boundary on map</a>,,YBS006057007
2021,Watson Lake Region,Population; 2021,1263,,,,...,...,<a target='_blank' href='https://yukon.maps.arcgis.com/apps/dashboards/2b0cac7ad3b44cbea449bda319e6a352#GEO_CODE=YBS003032033034035'>View boundary on map</a>,<a target='_blank' href='https://community-statistics.service.yukon.ca/pages/census-2021-data-notes#datanote1'>1</a>,YBS003032033034035
2021,Watson Lake Region,Population; 2016,1208,,,,...,...,<a target='_blank' href='https://yukon.maps.arcgis.com/apps/dashboards/2b0cac7ad3b44cbea449bda319e6a352#GEO_CODE=YBS003032033034035'>View boundary on map</a>,<a target='_blank' href='https://community-statistics.service.yukon.ca/pages/census-2021-data-notes#datanote1'>1</a>,YBS003032033034035
2021,Watson Lake Region,Population percentage change; 2016 to 2021,4.552980132,,,,...,...,<a target='_blank' href='https://yukon.maps.arcgis.com/apps/dashboards/2b0cac7ad3b44cbea449bda319e6a352#GEO_CODE=YBS003032033034035'>View boundary on map</a>,,YBS003032033034035
2021,Watson Lake Region,Total private dwellings,627,,,,...,...,<a target='_blank' href='https://yukon.maps.arcgis.com/apps/dashboards/2b0cac7ad3b44cbea449bda319e6a352#GEO_CODE=YBS003032033034035'>View boundary on map</a>,<a target='_blank' href='https://community-statistics.service.yukon.ca/pages/census-2021-data-notes#datanote2'>2</a>,YBS003032033034035
2021,Watson Lake Region,Private dwellings occupied by usual residents,554,,,,...,...,<a target='_blank' href='https://yukon.maps.arcgis.com/apps/dashboards/2b0cac7ad3b44cbea449bda319e6a352#GEO_CODE=YBS003032033034035'>View boundary on map</a>,<a target='_blank' href='https://community-statistics.service.yukon.ca/pages/census-2021-data-notes#datanote3'>3</a>,YBS003032033034035
2021,Watson Lake Region,Population density per square kilometre,,,,,,,<a target='_blank' href='https://yukon.maps.arcgis.com/apps/dashboards/2b0cac7ad3b44cbea449bda319e6a352#GEO_CODE=YBS003032033034035'>View boundary on map</a>,,YBS003032033034035
2021,Watson Lake Region,Land area in square kilometres,,,,,,,<a target='_blank' href='https://yukon.maps.arcgis.com/apps/dashboards/2b0cac7ad3b44cbea449bda319e6a352#GEO_CODE=YBS003032033034035'>View boundary on map</a>,,YBS003032033034035
2021,Carcross Region,Population; 2021,354,,,,...,...,<a target='_blank' href='https://yukon.maps.arcgis.com/apps/dashboards/2b0cac7ad3b44cbea449bda319e6a352#GEO_CODE=YBS048008'>View boundary on map</a>,<a target='_blank' href='https://community-statistics.service.yukon.ca/pages/census-2021-data-notes#datanote1'>1</a>,YBS048008
2021,Carcross Region,Population; 2016,336,,,,...,...,<a target='_blank' href='https://yukon.maps.arcgis.com/apps/dashboards/2b0cac7ad3b44cbea449bda319e6a352#GEO_CODE=YBS048008'>View boundary on map</a>,<a target='_blank' href='https://community-statistics.service.yukon.ca/pages/census-2021-data-notes#datanote1'>1</a>,YBS048008
2021,Carcross Region,Population percentage change; 2016 to 2021,5.357142857,,,,...,...,<a target='_blank' href='https://yukon.maps.arcgis.com/apps/dashboards/2b0cac7ad3b44cbea449bda319e6a352#GEO_CODE=YBS048008'>View boundary on map</a>,,YBS048008
2021,Carcross Region,Total private dwellings,245,,,,...,...,<a target='_blank' href='https://yukon.maps.arcgis.com/apps/dashboards/2b0cac7ad3b44cbea449bda319e6a352#GEO_CODE=YBS048008'>View boundary on map</a>,<a target='_blank' href='https://community-statistics.service.yukon.ca/pages/census-2021-data-notes#datanote2'>2</a>,YBS048008
2021,Carcross Region,Private dwellings occupied by usual residents,184,,,,...,...,<a target='_blank' href='https://yukon.maps.arcgis.com/apps/dashboards/2b0cac7ad3b44cbea449bda319e6a352#GEO_CODE=YBS048008'>View boundary on map</a>,<a target='_blank' href='https://community-statistics.service.yukon.ca/pages/census-2021-data-notes#datanote3'>3</a>,YBS048008
2021,Carcross Region,Population density per square kilometre,,,,,,,<a target='_blank' href='https://yukon.maps.arcgis.com/apps/dashboards/2b0cac7ad3b44cbea449bda319e6a352#GEO_CODE=YBS048008'>View boundary on map</a>,,YBS048008
2021,Carcross Region,Land area in square kilometres,,,,,,,<a target='_blank' href='https://yukon.maps.arcgis.com/apps/dashboards/2b0cac7ad3b44cbea449bda319e6a352#GEO_CODE=YBS048008'>View boundary on map</a>,,YBS048008
